Site_A,Site_B,Fst,significant,Region_A,Spawn_A,Species_A,Author_A,Year_A,Lat_A,Lon_A,Taxon_A,Study_A,Region_B,Spawn_B,Species_B,Author_B,Year_B,Lat_B,Lon_B,Taxon_B,Study_B,study,same_region,region_pair,marker_category,marker_resolution,geo_dist_km
ev19K,ev19D1,0.048,y,Kimberley Nearshore,broadcast,Cyphastrea microphthalma,Evans et al,2019,-15.9616,124.2701,Cyphastrea,ev19,Dampier Archipelago,broadcast,Cyphastrea microphthalma,Evans et al,2019,-20.5402,116.5435,Cyphastrea,ev19,ev19,FALSE,Dampier Archipelago <-> Kimberley Nearshore,Microsatellite,Medium,962.526922603944
ev19K,ev19D2,0.047,y,Kimberley Nearshore,broadcast,Cyphastrea microphthalma,Evans et al,2019,-15.9616,124.2701,Cyphastrea,ev19,Dampier Archipelago,broadcast,Cyphastrea microphthalma,Evans et al,2019,-20.5367,116.7771,Cyphastrea,ev19,ev19,FALSE,Dampier Archipelago <-> Kimberley Nearshore,Microsatellite,Medium,941.4763883712135
ev19K,ev19M1,0.055,y,Kimberley Nearshore,broadcast,Cyphastrea microphthalma,Evans et al,2019,-15.9616,124.2701,Cyphastrea,ev19,Pilbara Offshore,broadcast,Cyphastrea microphthalma,Evans et al,2019,-20.407,115.5838,Cyphastrea,ev19,ev19,FALSE,Kimberley Nearshore <-> Pilbara Offshore,Microsatellite,Medium,1043.1242909752632
ev19K,ev19M2,0.051,y,Kimberley Nearshore,broadcast,Cyphastrea microphthalma,Evans et al,2019,-15.9616,124.2701,Cyphastrea,ev19,Pilbara Offshore,broadcast,Cyphastrea microphthalma,Evans et al,2019,-20.5058,115.5215,Cyphastrea,ev19,ev19,FALSE,Kimberley Nearshore <-> Pilbara Offshore,Microsatellite,Medium,1053.9159490427571
ev19K,ev19Mu1,0.052,y,Kimberley Nearshore,broadcast,Cyphastrea microphthalma,Evans et al,2019,-15.9616,124.2701,Cyphastrea,ev19,Pilbara Offshore,broadcast,Cyphastrea microphthalma,Evans et al,2019,-21.6454,114.3823,Cyphastrea,ev19,ev19,FALSE,Kimberley Nearshore <-> Pilbara Offshore,Microsatellite,Medium,1218.4129210172694
ev19K,ev19Mu2,0.054,y,Kimberley Nearshore,broadcast,Cyphastrea microphthalma,Evans et al,2019,-15.9616,124.2701,Cyphastrea,ev19,Pilbara Offshore,broadcast,Cyphastrea microphthalma,Evans et al,2019,-21.669,114.3508,Cyphastrea,ev19,ev19,FALSE,Kimberley Nearshore <-> Pilbara Offshore,Microsatellite,Medium,1222.5443438306781
ev19K,ev19T1,0.057,y,Kimberley Nearshore,broadcast,Cyphastrea microphthalma,Evans et al,2019,-15.9616,124.2701,Cyphastrea,ev19,Pilbara nearshore,broadcast,Cyphastrea microphthalma,Evans et al,2019,-21.4514,115.0326,Cyphastrea,ev19,ev19,FALSE,Kimberley Nearshore <-> Pilbara nearshore,Microsatellite,Medium,1149.322439215778
ev19K,ev19T2,0.069,y,Kimberley Nearshore,broadcast,Cyphastrea microphthalma,Evans et al,2019,-15.9616,124.2701,Cyphastrea,ev19,Pilbara nearshore,broadcast,Cyphastrea microphthalma,Evans et al,2019,-21.4448,114.9885,Cyphastrea,ev19,ev19,FALSE,Kimberley Nearshore <-> Pilbara nearshore,Microsatellite,Medium,1152.8878955205687
ev19K,ev19EG1,0.073,y,Kimberley Nearshore,broadcast,Cyphastrea microphthalma,Evans et al,2019,-15.9616,124.2701,Cyphastrea,ev19,Exmouth Gulf,broadcast,Cyphastrea microphthalma,Evans et al,2019,-22.3008,114.1781,Cyphastrea,ev19,ev19,FALSE,Exmouth Gulf <-> Kimberley Nearshore,Microsatellite,Medium,1273.8319136481691
ev19K,ev19EG2,0.067,y,Kimberley Nearshore,broadcast,Cyphastrea microphthalma,Evans et al,2019,-15.9616,124.2701,Cyphastrea,ev19,Exmouth Gulf,broadcast,Cyphastrea microphthalma,Evans et al,2019,-22.2947,114.1497,Cyphastrea,ev19,ev19,FALSE,Exmouth Gulf <-> Kimberley Nearshore,Microsatellite,Medium,1275.9591942303657
ev19K,ev19Bu1,0.04,y,Kimberley Nearshore,broadcast,Cyphastrea microphthalma,Evans et al,2019,-15.9616,124.2701,Cyphastrea,ev19,Exmouth Gulf,broadcast,Cyphastrea microphthalma,Evans et al,2019,-21.8487,114.1695,Cyphastrea,ev19,ev19,FALSE,Exmouth Gulf <-> Kimberley Nearshore,Microsatellite,Medium,1248.7468183662322
ev19K,ev19Bu2,0.064,y,Kimberley Nearshore,broadcast,Cyphastrea microphthalma,Evans et al,2019,-15.9616,124.2701,Cyphastrea,ev19,Exmouth Gulf,broadcast,Cyphastrea microphthalma,Evans et al,2019,-21.8815,114.1529,Cyphastrea,ev19,ev19,FALSE,Exmouth Gulf <-> Kimberley Nearshore,Microsatellite,Medium,1252.0562844268477
ev19K,ev19N1,0.035,y,Kimberley Nearshore,broadcast,Cyphastrea microphthalma,Evans et al,2019,-15.9616,124.2701,Cyphastrea,ev19,Ningaloo,broadcast,Cyphastrea microphthalma,Evans et al,2019,-21.9076,113.968,Cyphastrea,ev19,ev19,FALSE,Kimberley Nearshore <-> Ningaloo,Microsatellite,Medium,1270.070281775422
ev19K,ev19N2,0.066,y,Kimberley Nearshore,broadcast,Cyphastrea microphthalma,Evans et al,2019,-15.9616,124.2701,Cyphastrea,ev19,Ningaloo,broadcast,Cyphastrea microphthalma,Evans et al,2019,-22.0079,113.9197,Cyphastrea,ev19,ev19,FALSE,Kimberley Nearshore <-> Ningaloo,Microsatellite,Medium,1279.9444482680199
ev19K,ev19CB,0.042,y,Kimberley Nearshore,broadcast,Cyphastrea microphthalma,Evans et al,2019,-15.9616,124.2701,Cyphastrea,ev19,Ningaloo,broadcast,Cyphastrea microphthalma,Evans et al,2019,-23.1404,113.753,Cyphastrea,ev19,ev19,FALSE,Kimberley Nearshore <-> Ningaloo,Microsatellite,Medium,1361.3301837439917
ev19K,ev19SB1,0.146,y,Kimberley Nearshore,broadcast,Cyphastrea microphthalma,Evans et al,2019,-15.9616,124.2701,Cyphastrea,ev19,Shark Bay,broadcast,Cyphastrea microphthalma,Evans et al,2019,-26.1244,113.2357,Cyphastrea,ev19,ev19,FALSE,Kimberley Nearshore <-> Shark Bay,Microsatellite,Medium,1608.9324502285576
ev19K,ev19SB2,0.155,y,Kimberley Nearshore,broadcast,Cyphastrea microphthalma,Evans et al,2019,-15.9616,124.2701,Cyphastrea,ev19,Shark Bay,broadcast,Cyphastrea microphthalma,Evans et al,2019,-25.8513,113.3481,Cyphastrea,ev19,ev19,FALSE,Kimberley Nearshore <-> Shark Bay,Microsatellite,Medium,1580.162975961188
ev19D1,ev19M1,0.019,n,Dampier Archipelago,broadcast,Cyphastrea microphthalma,Evans et al,2019,-20.5402,116.5435,Cyphastrea,ev19,Pilbara Offshore,broadcast,Cyphastrea microphthalma,Evans et al,2019,-20.407,115.5838,Cyphastrea,ev19,ev19,FALSE,Dampier Archipelago <-> Pilbara Offshore,Microsatellite,Medium,101.1772666362082
ev19D1,ev19M2,0.018,n,Dampier Archipelago,broadcast,Cyphastrea microphthalma,Evans et al,2019,-20.5402,116.5435,Cyphastrea,ev19,Pilbara Offshore,broadcast,Cyphastrea microphthalma,Evans et al,2019,-20.5058,115.5215,Cyphastrea,ev19,ev19,FALSE,Dampier Archipelago <-> Pilbara Offshore,Microsatellite,Medium,106.61642317778073
ev19D1,ev19Mu1,0.018,n,Dampier Archipelago,broadcast,Cyphastrea microphthalma,Evans et al,2019,-20.5402,116.5435,Cyphastrea,ev19,Pilbara Offshore,broadcast,Cyphastrea microphthalma,Evans et al,2019,-21.6454,114.3823,Cyphastrea,ev19,ev19,FALSE,Dampier Archipelago <-> Pilbara Offshore,Microsatellite,Medium,255.96412735573335
ev19D1,ev19Mu2,0.022,n,Dampier Archipelago,broadcast,Cyphastrea microphthalma,Evans et al,2019,-20.5402,116.5435,Cyphastrea,ev19,Pilbara Offshore,broadcast,Cyphastrea microphthalma,Evans et al,2019,-21.669,114.3508,Cyphastrea,ev19,ev19,FALSE,Dampier Archipelago <-> Pilbara Offshore,Microsatellite,Medium,260.08064720184086
ev19D1,ev19T1,0.018,n,Dampier Archipelago,broadcast,Cyphastrea microphthalma,Evans et al,2019,-20.5402,116.5435,Cyphastrea,ev19,Pilbara nearshore,broadcast,Cyphastrea microphthalma,Evans et al,2019,-21.4514,115.0326,Cyphastrea,ev19,ev19,FALSE,Dampier Archipelago <-> Pilbara nearshore,Microsatellite,Medium,186.9360214155448
ev19D1,ev19T2,0.025,n,Dampier Archipelago,broadcast,Cyphastrea microphthalma,Evans et al,2019,-20.5402,116.5435,Cyphastrea,ev19,Pilbara nearshore,broadcast,Cyphastrea microphthalma,Evans et al,2019,-21.4448,114.9885,Cyphastrea,ev19,ev19,FALSE,Dampier Archipelago <-> Pilbara nearshore,Microsatellite,Medium,190.41546515348958
ev19D1,ev19EG1,0.029,y,Dampier Archipelago,broadcast,Cyphastrea microphthalma,Evans et al,2019,-20.5402,116.5435,Cyphastrea,ev19,Exmouth Gulf,broadcast,Cyphastrea microphthalma,Evans et al,2019,-22.3008,114.1781,Cyphastrea,ev19,ev19,FALSE,Dampier Archipelago <-> Exmouth Gulf,Microsatellite,Medium,313.8323878142899
ev19D1,ev19EG2,0.026,y,Dampier Archipelago,broadcast,Cyphastrea microphthalma,Evans et al,2019,-20.5402,116.5435,Cyphastrea,ev19,Exmouth Gulf,broadcast,Cyphastrea microphthalma,Evans et al,2019,-22.2947,114.1497,Cyphastrea,ev19,ev19,FALSE,Dampier Archipelago <-> Exmouth Gulf,Microsatellite,Medium,315.7197773292316
ev19D1,ev19Bu1,0.029,y,Dampier Archipelago,broadcast,Cyphastrea microphthalma,Evans et al,2019,-20.5402,116.5435,Cyphastrea,ev19,Exmouth Gulf,broadcast,Cyphastrea microphthalma,Evans et al,2019,-21.8487,114.1695,Cyphastrea,ev19,ev19,FALSE,Dampier Archipelago <-> Exmouth Gulf,Microsatellite,Medium,286.2231512425142
ev19D1,ev19Bu2,0.03,y,Dampier Archipelago,broadcast,Cyphastrea microphthalma,Evans et al,2019,-20.5402,116.5435,Cyphastrea,ev19,Exmouth Gulf,broadcast,Cyphastrea microphthalma,Evans et al,2019,-21.8815,114.1529,Cyphastrea,ev19,ev19,FALSE,Dampier Archipelago <-> Exmouth Gulf,Microsatellite,Medium,289.5492656086837
ev19D1,ev19N1,0.024,y,Dampier Archipelago,broadcast,Cyphastrea microphthalma,Evans et al,2019,-20.5402,116.5435,Cyphastrea,ev19,Ningaloo,broadcast,Cyphastrea microphthalma,Evans et al,2019,-21.9076,113.968,Cyphastrea,ev19,ev19,FALSE,Dampier Archipelago <-> Ningaloo,Microsatellite,Medium,307.5552805512399
ev19D1,ev19N2,0.026,y,Dampier Archipelago,broadcast,Cyphastrea microphthalma,Evans et al,2019,-20.5402,116.5435,Cyphastrea,ev19,Ningaloo,broadcast,Cyphastrea microphthalma,Evans et al,2019,-22.0079,113.9197,Cyphastrea,ev19,ev19,FALSE,Dampier Archipelago <-> Ningaloo,Microsatellite,Medium,317.4376171383069
ev19D1,ev19CB,0.039,y,Dampier Archipelago,broadcast,Cyphastrea microphthalma,Evans et al,2019,-20.5402,116.5435,Cyphastrea,ev19,Ningaloo,broadcast,Cyphastrea microphthalma,Evans et al,2019,-23.1404,113.753,Cyphastrea,ev19,ev19,FALSE,Dampier Archipelago <-> Ningaloo,Microsatellite,Medium,408.5340157554574
ev19D1,ev19SB1,0.102,y,Dampier Archipelago,broadcast,Cyphastrea microphthalma,Evans et al,2019,-20.5402,116.5435,Cyphastrea,ev19,Shark Bay,broadcast,Cyphastrea microphthalma,Evans et al,2019,-26.1244,113.2357,Cyphastrea,ev19,ev19,FALSE,Dampier Archipelago <-> Shark Bay,Microsatellite,Medium,707.528752599033
ev19D1,ev19SB2,0.098,y,Dampier Archipelago,broadcast,Cyphastrea microphthalma,Evans et al,2019,-20.5402,116.5435,Cyphastrea,ev19,Shark Bay,broadcast,Cyphastrea microphthalma,Evans et al,2019,-25.8513,113.3481,Cyphastrea,ev19,ev19,FALSE,Dampier Archipelago <-> Shark Bay,Microsatellite,Medium,675.5213025866256
ev19D2,ev19M1,0.018,n,Dampier Archipelago,broadcast,Cyphastrea microphthalma,Evans et al,2019,-20.5367,116.7771,Cyphastrea,ev19,Pilbara Offshore,broadcast,Cyphastrea microphthalma,Evans et al,2019,-20.407,115.5838,Cyphastrea,ev19,ev19,FALSE,Dampier Archipelago <-> Pilbara Offshore,Microsatellite,Medium,125.28250541321228
ev19D2,ev19M2,0.02,n,Dampier Archipelago,broadcast,Cyphastrea microphthalma,Evans et al,2019,-20.5367,116.7771,Cyphastrea,ev19,Pilbara Offshore,broadcast,Cyphastrea microphthalma,Evans et al,2019,-20.5058,115.5215,Cyphastrea,ev19,ev19,FALSE,Dampier Archipelago <-> Pilbara Offshore,Microsatellite,Medium,130.9479487388478
ev19D2,ev19Mu1,0.022,n,Dampier Archipelago,broadcast,Cyphastrea microphthalma,Evans et al,2019,-20.5367,116.7771,Cyphastrea,ev19,Pilbara Offshore,broadcast,Cyphastrea microphthalma,Evans et al,2019,-21.6454,114.3823,Cyphastrea,ev19,ev19,FALSE,Dampier Archipelago <-> Pilbara Offshore,Microsatellite,Medium,277.6593178282483
ev19D2,ev19Mu2,0.029,y,Dampier Archipelago,broadcast,Cyphastrea microphthalma,Evans et al,2019,-20.5367,116.7771,Cyphastrea,ev19,Pilbara Offshore,broadcast,Cyphastrea microphthalma,Evans et al,2019,-21.669,114.3508,Cyphastrea,ev19,ev19,FALSE,Dampier Archipelago <-> Pilbara Offshore,Microsatellite,Medium,281.74092032117875
ev19D2,ev19T1,0.017,n,Dampier Archipelago,broadcast,Cyphastrea microphthalma,Evans et al,2019,-20.5367,116.7771,Cyphastrea,ev19,Pilbara nearshore,broadcast,Cyphastrea microphthalma,Evans et al,2019,-21.4514,115.0326,Cyphastrea,ev19,ev19,FALSE,Dampier Archipelago <-> Pilbara nearshore,Microsatellite,Medium,207.9387036586113
ev19D2,ev19T2,0.03,y,Dampier Archipelago,broadcast,Cyphastrea microphthalma,Evans et al,2019,-20.5367,116.7771,Cyphastrea,ev19,Pilbara nearshore,broadcast,Cyphastrea microphthalma,Evans et al,2019,-21.4448,114.9885,Cyphastrea,ev19,ev19,FALSE,Dampier Archipelago <-> Pilbara nearshore,Microsatellite,Medium,211.5983085934851
ev19D2,ev19EG1,0.032,y,Dampier Archipelago,broadcast,Cyphastrea microphthalma,Evans et al,2019,-20.5367,116.7771,Cyphastrea,ev19,Exmouth Gulf,broadcast,Cyphastrea microphthalma,Evans et al,2019,-22.3008,114.1781,Cyphastrea,ev19,ev19,FALSE,Dampier Archipelago <-> Exmouth Gulf,Microsatellite,Medium,333.3128743532876
ev19D2,ev19EG2,0.027,y,Dampier Archipelago,broadcast,Cyphastrea microphthalma,Evans et al,2019,-20.5367,116.7771,Cyphastrea,ev19,Exmouth Gulf,broadcast,Cyphastrea microphthalma,Evans et al,2019,-22.2947,114.1497,Cyphastrea,ev19,ev19,FALSE,Dampier Archipelago <-> Exmouth Gulf,Microsatellite,Medium,335.3031246145591
ev19D2,ev19Bu1,0.025,y,Dampier Archipelago,broadcast,Cyphastrea microphthalma,Evans et al,2019,-20.5367,116.7771,Cyphastrea,ev19,Exmouth Gulf,broadcast,Cyphastrea microphthalma,Evans et al,2019,-21.8487,114.1695,Cyphastrea,ev19,ev19,FALSE,Dampier Archipelago <-> Exmouth Gulf,Microsatellite,Medium,307.5280481186691
ev19D2,ev19Bu2,0.03,y,Dampier Archipelago,broadcast,Cyphastrea microphthalma,Evans et al,2019,-20.5367,116.7771,Cyphastrea,ev19,Exmouth Gulf,broadcast,Cyphastrea microphthalma,Evans et al,2019,-21.8815,114.1529,Cyphastrea,ev19,ev19,FALSE,Dampier Archipelago <-> Exmouth Gulf,Microsatellite,Medium,310.760580695389
ev19D2,ev19N1,0.025,y,Dampier Archipelago,broadcast,Cyphastrea microphthalma,Evans et al,2019,-20.5367,116.7771,Cyphastrea,ev19,Ningaloo,broadcast,Cyphastrea microphthalma,Evans et al,2019,-21.9076,113.968,Cyphastrea,ev19,ev19,FALSE,Dampier Archipelago <-> Ningaloo,Microsatellite,Medium,329.0195618328332
ev19D2,ev19N2,0.03,y,Dampier Archipelago,broadcast,Cyphastrea microphthalma,Evans et al,2019,-20.5367,116.7771,Cyphastrea,ev19,Ningaloo,broadcast,Cyphastrea microphthalma,Evans et al,2019,-22.0079,113.9197,Cyphastrea,ev19,ev19,FALSE,Dampier Archipelago <-> Ningaloo,Microsatellite,Medium,338.63319170334273
ev19D2,ev19CB,0.045,y,Dampier Archipelago,broadcast,Cyphastrea microphthalma,Evans et al,2019,-20.5367,116.7771,Cyphastrea,ev19,Ningaloo,broadcast,Cyphastrea microphthalma,Evans et al,2019,-23.1404,113.753,Cyphastrea,ev19,ev19,FALSE,Dampier Archipelago <-> Ningaloo,Microsatellite,Medium,426.17597074142174
ev19D2,ev19SB1,0.097,y,Dampier Archipelago,broadcast,Cyphastrea microphthalma,Evans et al,2019,-20.5367,116.7771,Cyphastrea,ev19,Shark Bay,broadcast,Cyphastrea microphthalma,Evans et al,2019,-26.1244,113.2357,Cyphastrea,ev19,ev19,FALSE,Dampier Archipelago <-> Shark Bay,Microsatellite,Medium,719.5688226745849
ev19D2,ev19SB2,0.105,y,Dampier Archipelago,broadcast,Cyphastrea microphthalma,Evans et al,2019,-20.5367,116.7771,Cyphastrea,ev19,Shark Bay,broadcast,Cyphastrea microphthalma,Evans et al,2019,-25.8513,113.3481,Cyphastrea,ev19,ev19,FALSE,Dampier Archipelago <-> Shark Bay,Microsatellite,Medium,687.7316172867825
ev19M1,ev19T1,0.018,n,Pilbara Offshore,broadcast,Cyphastrea microphthalma,Evans et al,2019,-20.407,115.5838,Cyphastrea,ev19,Pilbara nearshore,broadcast,Cyphastrea microphthalma,Evans et al,2019,-21.4514,115.0326,Cyphastrea,ev19,ev19,FALSE,Pilbara nearshore <-> Pilbara Offshore,Microsatellite,Medium,129.6197665024933
ev19M1,ev19T2,0.031,y,Pilbara Offshore,broadcast,Cyphastrea microphthalma,Evans et al,2019,-20.407,115.5838,Cyphastrea,ev19,Pilbara nearshore,broadcast,Cyphastrea microphthalma,Evans et al,2019,-21.4448,114.9885,Cyphastrea,ev19,ev19,FALSE,Pilbara nearshore <-> Pilbara Offshore,Microsatellite,Medium,131.0638551527659
ev19M1,ev19EG1,0.037,y,Pilbara Offshore,broadcast,Cyphastrea microphthalma,Evans et al,2019,-20.407,115.5838,Cyphastrea,ev19,Exmouth Gulf,broadcast,Cyphastrea microphthalma,Evans et al,2019,-22.3008,114.1781,Cyphastrea,ev19,ev19,FALSE,Exmouth Gulf <-> Pilbara Offshore,Microsatellite,Medium,256.2824508440601
ev19M1,ev19EG2,0.028,y,Pilbara Offshore,broadcast,Cyphastrea microphthalma,Evans et al,2019,-20.407,115.5838,Cyphastrea,ev19,Exmouth Gulf,broadcast,Cyphastrea microphthalma,Evans et al,2019,-22.2947,114.1497,Cyphastrea,ev19,ev19,FALSE,Exmouth Gulf <-> Pilbara Offshore,Microsatellite,Medium,257.4151649288776
ev19M1,ev19Bu1,0.032,y,Pilbara Offshore,broadcast,Cyphastrea microphthalma,Evans et al,2019,-20.407,115.5838,Cyphastrea,ev19,Exmouth Gulf,broadcast,Cyphastrea microphthalma,Evans et al,2019,-21.8487,114.1695,Cyphastrea,ev19,ev19,FALSE,Exmouth Gulf <-> Pilbara Offshore,Microsatellite,Medium,217.5354437485916
ev19M1,ev19Bu2,0.028,y,Pilbara Offshore,broadcast,Cyphastrea microphthalma,Evans et al,2019,-20.407,115.5838,Cyphastrea,ev19,Exmouth Gulf,broadcast,Cyphastrea microphthalma,Evans et al,2019,-21.8815,114.1529,Cyphastrea,ev19,ev19,FALSE,Exmouth Gulf <-> Pilbara Offshore,Microsatellite,Medium,221.3847600692612
ev19M1,ev19N1,0.025,y,Pilbara Offshore,broadcast,Cyphastrea microphthalma,Evans et al,2019,-20.407,115.5838,Cyphastrea,ev19,Ningaloo,broadcast,Cyphastrea microphthalma,Evans et al,2019,-21.9076,113.968,Cyphastrea,ev19,ev19,FALSE,Ningaloo <-> Pilbara Offshore,Microsatellite,Medium,236.72846902149246
ev19M1,ev19N2,0.027,y,Pilbara Offshore,broadcast,Cyphastrea microphthalma,Evans et al,2019,-20.407,115.5838,Cyphastrea,ev19,Ningaloo,broadcast,Cyphastrea microphthalma,Evans et al,2019,-22.0079,113.9197,Cyphastrea,ev19,ev19,FALSE,Ningaloo <-> Pilbara Offshore,Microsatellite,Medium,248.1570586871436
ev19M1,ev19CB,0.049,y,Pilbara Offshore,broadcast,Cyphastrea microphthalma,Evans et al,2019,-20.407,115.5838,Cyphastrea,ev19,Ningaloo,broadcast,Cyphastrea microphthalma,Evans et al,2019,-23.1404,113.753,Cyphastrea,ev19,ev19,FALSE,Ningaloo <-> Pilbara Offshore,Microsatellite,Medium,358.32524687766045
ev19M1,ev19SB1,0.1,y,Pilbara Offshore,broadcast,Cyphastrea microphthalma,Evans et al,2019,-20.407,115.5838,Cyphastrea,ev19,Shark Bay,broadcast,Cyphastrea microphthalma,Evans et al,2019,-26.1244,113.2357,Cyphastrea,ev19,ev19,FALSE,Pilbara Offshore <-> Shark Bay,Microsatellite,Medium,680.1966420421911
ev19M1,ev19SB2,0.117,y,Pilbara Offshore,broadcast,Cyphastrea microphthalma,Evans et al,2019,-20.407,115.5838,Cyphastrea,ev19,Shark Bay,broadcast,Cyphastrea microphthalma,Evans et al,2019,-25.8513,113.3481,Cyphastrea,ev19,ev19,FALSE,Pilbara Offshore <-> Shark Bay,Microsatellite,Medium,647.7849970624146
ev19M2,ev19T1,0.017,n,Pilbara Offshore,broadcast,Cyphastrea microphthalma,Evans et al,2019,-20.5058,115.5215,Cyphastrea,ev19,Pilbara nearshore,broadcast,Cyphastrea microphthalma,Evans et al,2019,-21.4514,115.0326,Cyphastrea,ev19,ev19,FALSE,Pilbara nearshore <-> Pilbara Offshore,Microsatellite,Medium,116.88748653545602
ev19M2,ev19T2,0.018,n,Pilbara Offshore,broadcast,Cyphastrea microphthalma,Evans et al,2019,-20.5058,115.5215,Cyphastrea,ev19,Pilbara nearshore,broadcast,Cyphastrea microphthalma,Evans et al,2019,-21.4448,114.9885,Cyphastrea,ev19,ev19,FALSE,Pilbara nearshore <-> Pilbara Offshore,Microsatellite,Medium,118.30276011912574
ev19M2,ev19EG1,0.027,y,Pilbara Offshore,broadcast,Cyphastrea microphthalma,Evans et al,2019,-20.5058,115.5215,Cyphastrea,ev19,Exmouth Gulf,broadcast,Cyphastrea microphthalma,Evans et al,2019,-22.3008,114.1781,Cyphastrea,ev19,ev19,FALSE,Exmouth Gulf <-> Pilbara Offshore,Microsatellite,Medium,243.53818297666035
ev19M2,ev19EG2,0.019,n,Pilbara Offshore,broadcast,Cyphastrea microphthalma,Evans et al,2019,-20.5058,115.5215,Cyphastrea,ev19,Exmouth Gulf,broadcast,Cyphastrea microphthalma,Evans et al,2019,-22.2947,114.1497,Cyphastrea,ev19,ev19,FALSE,Exmouth Gulf <-> Pilbara Offshore,Microsatellite,Medium,244.68142197383924
ev19M2,ev19Bu1,0.031,y,Pilbara Offshore,broadcast,Cyphastrea microphthalma,Evans et al,2019,-20.5058,115.5215,Cyphastrea,ev19,Exmouth Gulf,broadcast,Cyphastrea microphthalma,Evans et al,2019,-21.8487,114.1695,Cyphastrea,ev19,ev19,FALSE,Exmouth Gulf <-> Pilbara Offshore,Microsatellite,Medium,205.04008259024857
ev19M2,ev19Bu2,0.023,n,Pilbara Offshore,broadcast,Cyphastrea microphthalma,Evans et al,2019,-20.5058,115.5215,Cyphastrea,ev19,Exmouth Gulf,broadcast,Cyphastrea microphthalma,Evans et al,2019,-21.8815,114.1529,Cyphastrea,ev19,ev19,FALSE,Exmouth Gulf <-> Pilbara Offshore,Microsatellite,Medium,208.87427488812796
ev19M2,ev19N1,0.021,n,Pilbara Offshore,broadcast,Cyphastrea microphthalma,Evans et al,2019,-20.5058,115.5215,Cyphastrea,ev19,Ningaloo,broadcast,Cyphastrea microphthalma,Evans et al,2019,-21.9076,113.968,Cyphastrea,ev19,ev19,FALSE,Ningaloo <-> Pilbara Offshore,Microsatellite,Medium,224.37010055509973
ev19M2,ev19N2,0.015,n,Pilbara Offshore,broadcast,Cyphastrea microphthalma,Evans et al,2019,-20.5058,115.5215,Cyphastrea,ev19,Ningaloo,broadcast,Cyphastrea microphthalma,Evans et al,2019,-22.0079,113.9197,Cyphastrea,ev19,ev19,FALSE,Ningaloo <-> Pilbara Offshore,Microsatellite,Medium,235.74024336415496
ev19M2,ev19CB,0.038,y,Pilbara Offshore,broadcast,Cyphastrea microphthalma,Evans et al,2019,-20.5058,115.5215,Cyphastrea,ev19,Ningaloo,broadcast,Cyphastrea microphthalma,Evans et al,2019,-23.1404,113.753,Cyphastrea,ev19,ev19,FALSE,Ningaloo <-> Pilbara Offshore,Microsatellite,Medium,345.55276013427454
ev19M2,ev19SB1,0.099,y,Pilbara Offshore,broadcast,Cyphastrea microphthalma,Evans et al,2019,-20.5058,115.5215,Cyphastrea,ev19,Shark Bay,broadcast,Cyphastrea microphthalma,Evans et al,2019,-26.1244,113.2357,Cyphastrea,ev19,ev19,FALSE,Pilbara Offshore <-> Shark Bay,Microsatellite,Medium,667.6338438683508
ev19M2,ev19SB2,0.1,y,Pilbara Offshore,broadcast,Cyphastrea microphthalma,Evans et al,2019,-20.5058,115.5215,Cyphastrea,ev19,Shark Bay,broadcast,Cyphastrea microphthalma,Evans et al,2019,-25.8513,113.3481,Cyphastrea,ev19,ev19,FALSE,Pilbara Offshore <-> Shark Bay,Microsatellite,Medium,635.2207271034937
ev19T1,ev19Mu1,0.021,n,Pilbara nearshore,broadcast,Cyphastrea microphthalma,Evans et al,2019,-21.4514,115.0326,Cyphastrea,ev19,Pilbara Offshore,broadcast,Cyphastrea microphthalma,Evans et al,2019,-21.6454,114.3823,Cyphastrea,ev19,ev19,FALSE,Pilbara nearshore <-> Pilbara Offshore,Microsatellite,Medium,70.70998513625756
ev19T1,ev19Mu2,0.02,n,Pilbara nearshore,broadcast,Cyphastrea microphthalma,Evans et al,2019,-21.4514,115.0326,Cyphastrea,ev19,Pilbara Offshore,broadcast,Cyphastrea microphthalma,Evans et al,2019,-21.669,114.3508,Cyphastrea,ev19,ev19,FALSE,Pilbara nearshore <-> Pilbara Offshore,Microsatellite,Medium,74.62773435489599
ev19T1,ev19EG1,0.028,y,Pilbara nearshore,broadcast,Cyphastrea microphthalma,Evans et al,2019,-21.4514,115.0326,Cyphastrea,ev19,Exmouth Gulf,broadcast,Cyphastrea microphthalma,Evans et al,2019,-22.3008,114.1781,Cyphastrea,ev19,ev19,FALSE,Exmouth Gulf <-> Pilbara nearshore,Microsatellite,Medium,129.35408291432782
ev19T1,ev19EG2,0.021,n,Pilbara nearshore,broadcast,Cyphastrea microphthalma,Evans et al,2019,-21.4514,115.0326,Cyphastrea,ev19,Exmouth Gulf,broadcast,Cyphastrea microphthalma,Evans et al,2019,-22.2947,114.1497,Cyphastrea,ev19,ev19,FALSE,Exmouth Gulf <-> Pilbara nearshore,Microsatellite,Medium,130.88708156613774
ev19T1,ev19Bu1,0.032,y,Pilbara nearshore,broadcast,Cyphastrea microphthalma,Evans et al,2019,-21.4514,115.0326,Cyphastrea,ev19,Exmouth Gulf,broadcast,Cyphastrea microphthalma,Evans et al,2019,-21.8487,114.1695,Cyphastrea,ev19,ev19,FALSE,Exmouth Gulf <-> Pilbara nearshore,Microsatellite,Medium,99.65341085440403
ev19T1,ev19Bu2,0.028,y,Pilbara nearshore,broadcast,Cyphastrea microphthalma,Evans et al,2019,-21.4514,115.0326,Cyphastrea,ev19,Exmouth Gulf,broadcast,Cyphastrea microphthalma,Evans et al,2019,-21.8815,114.1529,Cyphastrea,ev19,ev19,FALSE,Exmouth Gulf <-> Pilbara nearshore,Microsatellite,Medium,102.8344324299143
ev19T1,ev19N1,0.022,y,Pilbara nearshore,broadcast,Cyphastrea microphthalma,Evans et al,2019,-21.4514,115.0326,Cyphastrea,ev19,Ningaloo,broadcast,Cyphastrea microphthalma,Evans et al,2019,-21.9076,113.968,Cyphastrea,ev19,ev19,FALSE,Ningaloo <-> Pilbara nearshore,Microsatellite,Medium,121.27246631004533
ev19T1,ev19N2,0.023,y,Pilbara nearshore,broadcast,Cyphastrea microphthalma,Evans et al,2019,-21.4514,115.0326,Cyphastrea,ev19,Ningaloo,broadcast,Cyphastrea microphthalma,Evans et al,2019,-22.0079,113.9197,Cyphastrea,ev19,ev19,FALSE,Ningaloo <-> Pilbara nearshore,Microsatellite,Medium,130.69761806378523
ev19T1,ev19CB,0.052,y,Pilbara nearshore,broadcast,Cyphastrea microphthalma,Evans et al,2019,-21.4514,115.0326,Cyphastrea,ev19,Ningaloo,broadcast,Cyphastrea microphthalma,Evans et al,2019,-23.1404,113.753,Cyphastrea,ev19,ev19,FALSE,Ningaloo <-> Pilbara nearshore,Microsatellite,Medium,229.60592810563222
ev19T1,ev19SB1,0.096,y,Pilbara nearshore,broadcast,Cyphastrea microphthalma,Evans et al,2019,-21.4514,115.0326,Cyphastrea,ev19,Shark Bay,broadcast,Cyphastrea microphthalma,Evans et al,2019,-26.1244,113.2357,Cyphastrea,ev19,ev19,FALSE,Pilbara nearshore <-> Shark Bay,Microsatellite,Medium,551.4311713028354
ev19T1,ev19SB2,0.101,y,Pilbara nearshore,broadcast,Cyphastrea microphthalma,Evans et al,2019,-21.4514,115.0326,Cyphastrea,ev19,Shark Bay,broadcast,Cyphastrea microphthalma,Evans et al,2019,-25.8513,113.3481,Cyphastrea,ev19,ev19,FALSE,Pilbara nearshore <-> Shark Bay,Microsatellite,Medium,519.017767338182
ev19T2,ev19Mu1,0.019,n,Pilbara nearshore,broadcast,Cyphastrea microphthalma,Evans et al,2019,-21.4448,114.9885,Cyphastrea,ev19,Pilbara Offshore,broadcast,Cyphastrea microphthalma,Evans et al,2019,-21.6454,114.3823,Cyphastrea,ev19,ev19,FALSE,Pilbara nearshore <-> Pilbara Offshore,Microsatellite,Medium,66.62075077151285
ev19T2,ev19Mu2,0.022,n,Pilbara nearshore,broadcast,Cyphastrea microphthalma,Evans et al,2019,-21.4448,114.9885,Cyphastrea,ev19,Pilbara Offshore,broadcast,Cyphastrea microphthalma,Evans et al,2019,-21.669,114.3508,Cyphastrea,ev19,ev19,FALSE,Pilbara nearshore <-> Pilbara Offshore,Microsatellite,Medium,70.58270545031283
ev19T2,ev19EG1,0.027,y,Pilbara nearshore,broadcast,Cyphastrea microphthalma,Evans et al,2019,-21.4448,114.9885,Cyphastrea,ev19,Exmouth Gulf,broadcast,Cyphastrea microphthalma,Evans et al,2019,-22.3008,114.1781,Cyphastrea,ev19,ev19,FALSE,Exmouth Gulf <-> Pilbara nearshore,Microsatellite,Medium,126.8415234939331
ev19T2,ev19EG2,0.24,n,Pilbara nearshore,broadcast,Cyphastrea microphthalma,Evans et al,2019,-21.4448,114.9885,Cyphastrea,ev19,Exmouth Gulf,broadcast,Cyphastrea microphthalma,Evans et al,2019,-22.2947,114.1497,Cyphastrea,ev19,ev19,FALSE,Exmouth Gulf <-> Pilbara nearshore,Microsatellite,Medium,128.29645963024652
ev19T2,ev19Bu1,0.036,y,Pilbara nearshore,broadcast,Cyphastrea microphthalma,Evans et al,2019,-21.4448,114.9885,Cyphastrea,ev19,Exmouth Gulf,broadcast,Cyphastrea microphthalma,Evans et al,2019,-21.8487,114.1695,Cyphastrea,ev19,ev19,FALSE,Exmouth Gulf <-> Pilbara nearshore,Microsatellite,Medium,95.92987183550257
ev19T2,ev19Bu2,0.027,y,Pilbara nearshore,broadcast,Cyphastrea microphthalma,Evans et al,2019,-21.4448,114.9885,Cyphastrea,ev19,Exmouth Gulf,broadcast,Cyphastrea microphthalma,Evans et al,2019,-21.8815,114.1529,Cyphastrea,ev19,ev19,FALSE,Exmouth Gulf <-> Pilbara nearshore,Microsatellite,Medium,99.17937597832339
ev19T2,ev19N1,0.034,y,Pilbara nearshore,broadcast,Cyphastrea microphthalma,Evans et al,2019,-21.4448,114.9885,Cyphastrea,ev19,Ningaloo,broadcast,Cyphastrea microphthalma,Evans et al,2019,-21.9076,113.968,Cyphastrea,ev19,ev19,FALSE,Ningaloo <-> Pilbara nearshore,Microsatellite,Medium,117.46793254274786
ev19T2,ev19N2,0.024,n,Pilbara nearshore,broadcast,Cyphastrea microphthalma,Evans et al,2019,-21.4448,114.9885,Cyphastrea,ev19,Ningaloo,broadcast,Cyphastrea microphthalma,Evans et al,2019,-22.0079,113.9197,Cyphastrea,ev19,ev19,FALSE,Ningaloo <-> Pilbara nearshore,Microsatellite,Medium,127.06362025683849
ev19T2,ev19CB,0.054,y,Pilbara nearshore,broadcast,Cyphastrea microphthalma,Evans et al,2019,-21.4448,114.9885,Cyphastrea,ev19,Ningaloo,broadcast,Cyphastrea microphthalma,Evans et al,2019,-23.1404,113.753,Cyphastrea,ev19,ev19,FALSE,Ningaloo <-> Pilbara nearshore,Microsatellite,Medium,227.63997182414911
ev19T2,ev19SB1,0.108,y,Pilbara nearshore,broadcast,Cyphastrea microphthalma,Evans et al,2019,-21.4448,114.9885,Cyphastrea,ev19,Shark Bay,broadcast,Cyphastrea microphthalma,Evans et al,2019,-26.1244,113.2357,Cyphastrea,ev19,ev19,FALSE,Pilbara nearshore <-> Shark Bay,Microsatellite,Medium,550.6541597415035
ev19T2,ev19SB2,0.109,y,Pilbara nearshore,broadcast,Cyphastrea microphthalma,Evans et al,2019,-21.4448,114.9885,Cyphastrea,ev19,Shark Bay,broadcast,Cyphastrea microphthalma,Evans et al,2019,-25.8513,113.3481,Cyphastrea,ev19,ev19,FALSE,Pilbara nearshore <-> Shark Bay,Microsatellite,Medium,518.2447927876096
ev19EG1,ev19Mu1,0.032,y,Exmouth Gulf,broadcast,Cyphastrea microphthalma,Evans et al,2019,-22.3008,114.1781,Cyphastrea,ev19,Pilbara Offshore,broadcast,Cyphastrea microphthalma,Evans et al,2019,-21.6454,114.3823,Cyphastrea,ev19,ev19,FALSE,Exmouth Gulf <-> Pilbara Offshore,Microsatellite,Medium,75.94309743369665
ev19EG1,ev19Mu2,0.029,y,Exmouth Gulf,broadcast,Cyphastrea microphthalma,Evans et al,2019,-22.3008,114.1781,Cyphastrea,ev19,Pilbara Offshore,broadcast,Cyphastrea microphthalma,Evans et al,2019,-21.669,114.3508,Cyphastrea,ev19,ev19,FALSE,Exmouth Gulf <-> Pilbara Offshore,Microsatellite,Medium,72.55573613498476
ev19EG1,ev19N1,0.036,y,Exmouth Gulf,broadcast,Cyphastrea microphthalma,Evans et al,2019,-22.3008,114.1781,Cyphastrea,ev19,Ningaloo,broadcast,Cyphastrea microphthalma,Evans et al,2019,-21.9076,113.968,Cyphastrea,ev19,ev19,FALSE,Exmouth Gulf <-> Ningaloo,Microsatellite,Medium,48.84093636495303
ev19EG1,ev19N2,0.026,y,Exmouth Gulf,broadcast,Cyphastrea microphthalma,Evans et al,2019,-22.3008,114.1781,Cyphastrea,ev19,Ningaloo,broadcast,Cyphastrea microphthalma,Evans et al,2019,-22.0079,113.9197,Cyphastrea,ev19,ev19,FALSE,Exmouth Gulf <-> Ningaloo,Microsatellite,Medium,42.10549204884945
ev19EG1,ev19CB,0.053,y,Exmouth Gulf,broadcast,Cyphastrea microphthalma,Evans et al,2019,-22.3008,114.1781,Cyphastrea,ev19,Ningaloo,broadcast,Cyphastrea microphthalma,Evans et al,2019,-23.1404,113.753,Cyphastrea,ev19,ev19,FALSE,Exmouth Gulf <-> Ningaloo,Microsatellite,Medium,103.15393002966508
ev19EG1,ev19SB1,0.074,y,Exmouth Gulf,broadcast,Cyphastrea microphthalma,Evans et al,2019,-22.3008,114.1781,Cyphastrea,ev19,Shark Bay,broadcast,Cyphastrea microphthalma,Evans et al,2019,-26.1244,113.2357,Cyphastrea,ev19,ev19,FALSE,Exmouth Gulf <-> Shark Bay,Microsatellite,Medium,436.25608119662286
ev19EG1,ev19SB2,0.08,y,Exmouth Gulf,broadcast,Cyphastrea microphthalma,Evans et al,2019,-22.3008,114.1781,Cyphastrea,ev19,Shark Bay,broadcast,Cyphastrea microphthalma,Evans et al,2019,-25.8513,113.3481,Cyphastrea,ev19,ev19,FALSE,Exmouth Gulf <-> Shark Bay,Microsatellite,Medium,404.1373801074012
ev19EG2,ev19Mu1,0.029,y,Exmouth Gulf,broadcast,Cyphastrea microphthalma,Evans et al,2019,-22.2947,114.1497,Cyphastrea,ev19,Pilbara Offshore,broadcast,Cyphastrea microphthalma,Evans et al,2019,-21.6454,114.3823,Cyphastrea,ev19,ev19,FALSE,Exmouth Gulf <-> Pilbara Offshore,Microsatellite,Medium,76.16400236737961
ev19EG2,ev19Mu2,0.03,y,Exmouth Gulf,broadcast,Cyphastrea microphthalma,Evans et al,2019,-22.2947,114.1497,Cyphastrea,ev19,Pilbara Offshore,broadcast,Cyphastrea microphthalma,Evans et al,2019,-21.669,114.3508,Cyphastrea,ev19,ev19,FALSE,Exmouth Gulf <-> Pilbara Offshore,Microsatellite,Medium,72.68020122732132
ev19EG2,ev19N1,0.037,y,Exmouth Gulf,broadcast,Cyphastrea microphthalma,Evans et al,2019,-22.2947,114.1497,Cyphastrea,ev19,Ningaloo,broadcast,Cyphastrea microphthalma,Evans et al,2019,-21.9076,113.968,Cyphastrea,ev19,ev19,FALSE,Exmouth Gulf <-> Ningaloo,Microsatellite,Medium,46.99048626886522
ev19EG2,ev19N2,0.031,y,Exmouth Gulf,broadcast,Cyphastrea microphthalma,Evans et al,2019,-22.2947,114.1497,Cyphastrea,ev19,Ningaloo,broadcast,Cyphastrea microphthalma,Evans et al,2019,-22.0079,113.9197,Cyphastrea,ev19,ev19,FALSE,Exmouth Gulf <-> Ningaloo,Microsatellite,Medium,39.76978571734163
ev19EG2,ev19CB,0.051,y,Exmouth Gulf,broadcast,Cyphastrea microphthalma,Evans et al,2019,-22.2947,114.1497,Cyphastrea,ev19,Ningaloo,broadcast,Cyphastrea microphthalma,Evans et al,2019,-23.1404,113.753,Cyphastrea,ev19,ev19,FALSE,Exmouth Gulf <-> Ningaloo,Microsatellite,Medium,102.5774550749674
ev19EG2,ev19SB1,0.079,y,Exmouth Gulf,broadcast,Cyphastrea microphthalma,Evans et al,2019,-22.2947,114.1497,Cyphastrea,ev19,Shark Bay,broadcast,Cyphastrea microphthalma,Evans et al,2019,-26.1244,113.2357,Cyphastrea,ev19,ev19,FALSE,Exmouth Gulf <-> Shark Bay,Microsatellite,Medium,436.29712062166465
ev19EG2,ev19SB2,0.065,y,Exmouth Gulf,broadcast,Cyphastrea microphthalma,Evans et al,2019,-22.2947,114.1497,Cyphastrea,ev19,Shark Bay,broadcast,Cyphastrea microphthalma,Evans et al,2019,-25.8513,113.3481,Cyphastrea,ev19,ev19,FALSE,Exmouth Gulf <-> Shark Bay,Microsatellite,Medium,404.2105350213434
ev19Bu1,ev19Mu1,0.029,y,Exmouth Gulf,broadcast,Cyphastrea microphthalma,Evans et al,2019,-21.8487,114.1695,Cyphastrea,ev19,Pilbara Offshore,broadcast,Cyphastrea microphthalma,Evans et al,2019,-21.6454,114.3823,Cyphastrea,ev19,ev19,FALSE,Exmouth Gulf <-> Pilbara Offshore,Microsatellite,Medium,31.564173267573654
ev19Bu1,ev19Mu2,0.034,y,Exmouth Gulf,broadcast,Cyphastrea microphthalma,Evans et al,2019,-21.8487,114.1695,Cyphastrea,ev19,Pilbara Offshore,broadcast,Cyphastrea microphthalma,Evans et al,2019,-21.669,114.3508,Cyphastrea,ev19,ev19,FALSE,Exmouth Gulf <-> Pilbara Offshore,Microsatellite,Medium,27.413725339246316
ev19Bu1,ev19N1,0.019,n,Exmouth Gulf,broadcast,Cyphastrea microphthalma,Evans et al,2019,-21.8487,114.1695,Cyphastrea,ev19,Ningaloo,broadcast,Cyphastrea microphthalma,Evans et al,2019,-21.9076,113.968,Cyphastrea,ev19,ev19,FALSE,Exmouth Gulf <-> Ningaloo,Microsatellite,Medium,21.8236127620898
ev19Bu1,ev19N2,0.034,y,Exmouth Gulf,broadcast,Cyphastrea microphthalma,Evans et al,2019,-21.8487,114.1695,Cyphastrea,ev19,Ningaloo,broadcast,Cyphastrea microphthalma,Evans et al,2019,-22.0079,113.9197,Cyphastrea,ev19,ev19,FALSE,Exmouth Gulf <-> Ningaloo,Microsatellite,Medium,31.296854034859788
ev19Bu1,ev19CB,0.021,y,Exmouth Gulf,broadcast,Cyphastrea microphthalma,Evans et al,2019,-21.8487,114.1695,Cyphastrea,ev19,Ningaloo,broadcast,Cyphastrea microphthalma,Evans et al,2019,-23.1404,113.753,Cyphastrea,ev19,ev19,FALSE,Exmouth Gulf <-> Ningaloo,Microsatellite,Medium,150.03615984289584
ev19Bu1,ev19SB1,0.114,y,Exmouth Gulf,broadcast,Cyphastrea microphthalma,Evans et al,2019,-21.8487,114.1695,Cyphastrea,ev19,Shark Bay,broadcast,Cyphastrea microphthalma,Evans et al,2019,-26.1244,113.2357,Cyphastrea,ev19,ev19,FALSE,Exmouth Gulf <-> Shark Bay,Microsatellite,Medium,485.3446520171397
ev19Bu1,ev19SB2,0.116,y,Exmouth Gulf,broadcast,Cyphastrea microphthalma,Evans et al,2019,-21.8487,114.1695,Cyphastrea,ev19,Shark Bay,broadcast,Cyphastrea microphthalma,Evans et al,2019,-25.8513,113.3481,Cyphastrea,ev19,ev19,FALSE,Exmouth Gulf <-> Shark Bay,Microsatellite,Medium,453.3428013633737
ev19Bu2,ev19Mu1,0.026,y,Exmouth Gulf,broadcast,Cyphastrea microphthalma,Evans et al,2019,-21.8815,114.1529,Cyphastrea,ev19,Pilbara Offshore,broadcast,Cyphastrea microphthalma,Evans et al,2019,-21.6454,114.3823,Cyphastrea,ev19,ev19,FALSE,Exmouth Gulf <-> Pilbara Offshore,Microsatellite,Medium,35.4011666832373
ev19Bu2,ev19Mu2,0.029,y,Exmouth Gulf,broadcast,Cyphastrea microphthalma,Evans et al,2019,-21.8815,114.1529,Cyphastrea,ev19,Pilbara Offshore,broadcast,Cyphastrea microphthalma,Evans et al,2019,-21.669,114.3508,Cyphastrea,ev19,ev19,FALSE,Exmouth Gulf <-> Pilbara Offshore,Microsatellite,Medium,31.27482145334075
ev19Bu2,ev19N1,0.036,y,Exmouth Gulf,broadcast,Cyphastrea microphthalma,Evans et al,2019,-21.8815,114.1529,Cyphastrea,ev19,Ningaloo,broadcast,Cyphastrea microphthalma,Evans et al,2019,-21.9076,113.968,Cyphastrea,ev19,ev19,FALSE,Exmouth Gulf <-> Ningaloo,Microsatellite,Medium,19.318096622289605
ev19Bu2,ev19N2,0.029,y,Exmouth Gulf,broadcast,Cyphastrea microphthalma,Evans et al,2019,-21.8815,114.1529,Cyphastrea,ev19,Ningaloo,broadcast,Cyphastrea microphthalma,Evans et al,2019,-22.0079,113.9197,Cyphastrea,ev19,ev19,FALSE,Exmouth Gulf <-> Ningaloo,Microsatellite,Medium,27.88861462846662
ev19Bu2,ev19CB,0.047,y,Exmouth Gulf,broadcast,Cyphastrea microphthalma,Evans et al,2019,-21.8815,114.1529,Cyphastrea,ev19,Ningaloo,broadcast,Cyphastrea microphthalma,Evans et al,2019,-23.1404,113.753,Cyphastrea,ev19,ev19,FALSE,Exmouth Gulf <-> Ningaloo,Microsatellite,Medium,146.04928237230357
ev19Bu2,ev19SB1,0.11,y,Exmouth Gulf,broadcast,Cyphastrea microphthalma,Evans et al,2019,-21.8815,114.1529,Cyphastrea,ev19,Shark Bay,broadcast,Cyphastrea microphthalma,Evans et al,2019,-26.1244,113.2357,Cyphastrea,ev19,ev19,FALSE,Exmouth Gulf <-> Shark Bay,Microsatellite,Medium,481.43249837468767
ev19Bu2,ev19SB2,0.114,y,Exmouth Gulf,broadcast,Cyphastrea microphthalma,Evans et al,2019,-21.8815,114.1529,Cyphastrea,ev19,Shark Bay,broadcast,Cyphastrea microphthalma,Evans et al,2019,-25.8513,113.3481,Cyphastrea,ev19,ev19,FALSE,Exmouth Gulf <-> Shark Bay,Microsatellite,Medium,449.4418400096837
ev19Mu1,ev19N1,0.023,n,Pilbara Offshore,broadcast,Cyphastrea microphthalma,Evans et al,2019,-21.6454,114.3823,Cyphastrea,ev19,Ningaloo,broadcast,Cyphastrea microphthalma,Evans et al,2019,-21.9076,113.968,Cyphastrea,ev19,ev19,FALSE,Ningaloo <-> Pilbara Offshore,Microsatellite,Medium,51.828661867826014
ev19Mu1,ev19N2,0.023,n,Pilbara Offshore,broadcast,Cyphastrea microphthalma,Evans et al,2019,-21.6454,114.3823,Cyphastrea,ev19,Ningaloo,broadcast,Cyphastrea microphthalma,Evans et al,2019,-22.0079,113.9197,Cyphastrea,ev19,ev19,FALSE,Ningaloo <-> Pilbara Offshore,Microsatellite,Medium,62.559359498093556
ev19Mu1,ev19CB,0.04,y,Pilbara Offshore,broadcast,Cyphastrea microphthalma,Evans et al,2019,-21.6454,114.3823,Cyphastrea,ev19,Ningaloo,broadcast,Cyphastrea microphthalma,Evans et al,2019,-23.1404,113.753,Cyphastrea,ev19,ev19,FALSE,Ningaloo <-> Pilbara Offshore,Microsatellite,Medium,178.58161595356827
ev19Mu1,ev19SB1,0.103,y,Pilbara Offshore,broadcast,Cyphastrea microphthalma,Evans et al,2019,-21.6454,114.3823,Cyphastrea,ev19,Shark Bay,broadcast,Cyphastrea microphthalma,Evans et al,2019,-26.1244,113.2357,Cyphastrea,ev19,ev19,FALSE,Pilbara Offshore <-> Shark Bay,Microsatellite,Medium,512.0660373463807
ev19Mu1,ev19SB2,0.109,y,Pilbara Offshore,broadcast,Cyphastrea microphthalma,Evans et al,2019,-21.6454,114.3823,Cyphastrea,ev19,Shark Bay,broadcast,Cyphastrea microphthalma,Evans et al,2019,-25.8513,113.3481,Cyphastrea,ev19,ev19,FALSE,Pilbara Offshore <-> Shark Bay,Microsatellite,Medium,479.9026701340738
ev19Mu2,ev19N1,0.017,n,Pilbara Offshore,broadcast,Cyphastrea microphthalma,Evans et al,2019,-21.669,114.3508,Cyphastrea,ev19,Ningaloo,broadcast,Cyphastrea microphthalma,Evans et al,2019,-21.9076,113.968,Cyphastrea,ev19,ev19,FALSE,Ningaloo <-> Pilbara Offshore,Microsatellite,Medium,47.65680130998529
ev19Mu2,ev19N2,0.015,n,Pilbara Offshore,broadcast,Cyphastrea microphthalma,Evans et al,2019,-21.669,114.3508,Cyphastrea,ev19,Ningaloo,broadcast,Cyphastrea microphthalma,Evans et al,2019,-22.0079,113.9197,Cyphastrea,ev19,ev19,FALSE,Ningaloo <-> Pilbara Offshore,Microsatellite,Medium,58.374587671891284
ev19Mu2,ev19CB,0.046,y,Pilbara Offshore,broadcast,Cyphastrea microphthalma,Evans et al,2019,-21.669,114.3508,Cyphastrea,ev19,Ningaloo,broadcast,Cyphastrea microphthalma,Evans et al,2019,-23.1404,113.753,Cyphastrea,ev19,ev19,FALSE,Ningaloo <-> Pilbara Offshore,Microsatellite,Medium,174.96795810120378
ev19Mu2,ev19SB1,0.113,y,Pilbara Offshore,broadcast,Cyphastrea microphthalma,Evans et al,2019,-21.669,114.3508,Cyphastrea,ev19,Shark Bay,broadcast,Cyphastrea microphthalma,Evans et al,2019,-26.1244,113.2357,Cyphastrea,ev19,ev19,FALSE,Pilbara Offshore <-> Shark Bay,Microsatellite,Medium,508.78187181431633
ev19Mu2,ev19SB2,0.109,y,Pilbara Offshore,broadcast,Cyphastrea microphthalma,Evans et al,2019,-21.669,114.3508,Cyphastrea,ev19,Shark Bay,broadcast,Cyphastrea microphthalma,Evans et al,2019,-25.8513,113.3481,Cyphastrea,ev19,ev19,FALSE,Pilbara Offshore <-> Shark Bay,Microsatellite,Medium,476.64026953298173
ev19N1,ev19SB1,0.121,y,Ningaloo,broadcast,Cyphastrea microphthalma,Evans et al,2019,-21.9076,113.968,Cyphastrea,ev19,Shark Bay,broadcast,Cyphastrea microphthalma,Evans et al,2019,-26.1244,113.2357,Cyphastrea,ev19,ev19,FALSE,Ningaloo <-> Shark Bay,Microsatellite,Medium,475.27705473502766
ev19N1,ev19SB2,0.124,y,Ningaloo,broadcast,Cyphastrea microphthalma,Evans et al,2019,-21.9076,113.968,Cyphastrea,ev19,Shark Bay,broadcast,Cyphastrea microphthalma,Evans et al,2019,-25.8513,113.3481,Cyphastrea,ev19,ev19,FALSE,Ningaloo <-> Shark Bay,Microsatellite,Medium,443.5194112051947
ev19N2,ev19SB1,0.105,y,Ningaloo,broadcast,Cyphastrea microphthalma,Evans et al,2019,-22.0079,113.9197,Cyphastrea,ev19,Shark Bay,broadcast,Cyphastrea microphthalma,Evans et al,2019,-26.1244,113.2357,Cyphastrea,ev19,ev19,FALSE,Ningaloo <-> Shark Bay,Microsatellite,Medium,463.4870623400519
ev19N2,ev19SB2,0.106,y,Ningaloo,broadcast,Cyphastrea microphthalma,Evans et al,2019,-22.0079,113.9197,Cyphastrea,ev19,Shark Bay,broadcast,Cyphastrea microphthalma,Evans et al,2019,-25.8513,113.3481,Cyphastrea,ev19,ev19,FALSE,Ningaloo <-> Shark Bay,Microsatellite,Medium,431.7780558587051
ev19CB,ev19SB1,0.138,y,Ningaloo,broadcast,Cyphastrea microphthalma,Evans et al,2019,-23.1404,113.753,Cyphastrea,ev19,Shark Bay,broadcast,Cyphastrea microphthalma,Evans et al,2019,-26.1244,113.2357,Cyphastrea,ev19,ev19,FALSE,Ningaloo <-> Shark Bay,Microsatellite,Medium,336.2749140696752
ev19CB,ev19SB2,0.13,y,Ningaloo,broadcast,Cyphastrea microphthalma,Evans et al,2019,-23.1404,113.753,Cyphastrea,ev19,Shark Bay,broadcast,Cyphastrea microphthalma,Evans et al,2019,-25.8513,113.3481,Cyphastrea,ev19,ev19,FALSE,Ningaloo <-> Shark Bay,Microsatellite,Medium,304.5498040062505
ros16As,ros16Sc,0.2126,y,Ashmore,broadcast,Acropora tenuis,Rosser et al,2016,-12.25,123.05,Acropora,ros16,Scott Reef,broadcast,Acropora tenuis,Rosser et al,2016,-14.1,121.8,Acropora,ros16,ros16,FALSE,Ashmore <-> Scott Reef,Mixed,High,246.50858026918888
ros16As,ros16Ro,0.3289,y,Ashmore,broadcast,Acropora tenuis,Rosser et al,2016,-12.25,123.05,Acropora,ros16,Rowley Shoals,broadcast,Acropora tenuis,Rosser et al,2016,-17.3,119.35,Acropora,ros16,ros16,FALSE,Ashmore <-> Rowley Shoals,Mixed,High,688.849409264543
ros16As,ros16M,0.3007,y,Ashmore,broadcast,Acropora tenuis,Rosser et al,2016,-12.25,123.05,Acropora,ros16,Pilbara Offshore,broadcast,Acropora tenuis,Rosser et al,2016,-20.505,115.522,Acropora,ros16,ros16,FALSE,Ashmore <-> Pilbara Offshore,Mixed,High,1220.4116797113013
ros16As,ros16D,0.3671,y,Ashmore,broadcast,Acropora tenuis,Rosser et al,2016,-12.25,123.05,Acropora,ros16,Dampier Archipelago,broadcast,Acropora tenuis,Rosser et al,2016,-20.65,116.7,Acropora,ros16,ros16,FALSE,Ashmore <-> Dampier Archipelago,Mixed,High,1154.518393553944
ros16As,ros16N,0.2857,y,Ashmore,broadcast,Acropora tenuis,Rosser et al,2016,-12.25,123.05,Acropora,ros16,Ningaloo,broadcast,Acropora tenuis,Rosser et al,2016,-22.3,113.8,Acropora,ros16,ros16,FALSE,Ashmore <-> Ningaloo,Mixed,High,1488.297454410939
ros16Sc,ros16Ro,0.0654,y,Scott Reef,broadcast,Acropora tenuis,Rosser et al,2016,-14.1,121.8,Acropora,ros16,Rowley Shoals,broadcast,Acropora tenuis,Rosser et al,2016,-17.3,119.35,Acropora,ros16,ros16,FALSE,Rowley Shoals <-> Scott Reef,Mixed,High,442.5018821923927
ros16Sc,ros16M,0.0909,y,Scott Reef,broadcast,Acropora tenuis,Rosser et al,2016,-14.1,121.8,Acropora,ros16,Pilbara Offshore,broadcast,Acropora tenuis,Rosser et al,2016,-20.505,115.522,Acropora,ros16,ros16,FALSE,Pilbara Offshore <-> Scott Reef,Mixed,High,976.1864025068819
ros16Sc,ros16D,0.1803,y,Scott Reef,broadcast,Acropora tenuis,Rosser et al,2016,-14.1,121.8,Acropora,ros16,Dampier Archipelago,broadcast,Acropora tenuis,Rosser et al,2016,-20.65,116.7,Acropora,ros16,ros16,FALSE,Dampier Archipelago <-> Scott Reef,Mixed,High,908.1802933462633
ros16Sc,ros16N,0.0909,y,Scott Reef,broadcast,Acropora tenuis,Rosser et al,2016,-14.1,121.8,Acropora,ros16,Ningaloo,broadcast,Acropora tenuis,Rosser et al,2016,-22.3,113.8,Acropora,ros16,ros16,FALSE,Ningaloo <-> Scott Reef,Mixed,High,1243.8763169697907
ros16Ro,ros16M,0.0826,y,Rowley Shoals,broadcast,Acropora tenuis,Rosser et al,2016,-17.3,119.35,Acropora,ros16,Pilbara Offshore,broadcast,Acropora tenuis,Rosser et al,2016,-20.505,115.522,Acropora,ros16,ros16,FALSE,Pilbara Offshore <-> Rowley Shoals,Mixed,High,538.2914998058654
ros16Ro,ros16D,0.1304,y,Rowley Shoals,broadcast,Acropora tenuis,Rosser et al,2016,-17.3,119.35,Acropora,ros16,Dampier Archipelago,broadcast,Acropora tenuis,Rosser et al,2016,-20.65,116.7,Acropora,ros16,ros16,FALSE,Dampier Archipelago <-> Rowley Shoals,Mixed,High,465.68278472767037
ros16Ro,ros16N,0.0826,y,Rowley Shoals,broadcast,Acropora tenuis,Rosser et al,2016,-17.3,119.35,Acropora,ros16,Ningaloo,broadcast,Acropora tenuis,Rosser et al,2016,-22.3,113.8,Acropora,ros16,ros16,FALSE,Ningaloo <-> Rowley Shoals,Mixed,High,804.5991015420025
ros16D,ros16N,0.1379,y,Dampier Archipelago,broadcast,Acropora tenuis,Rosser et al,2016,-20.65,116.7,Acropora,ros16,Ningaloo,broadcast,Acropora tenuis,Rosser et al,2016,-22.3,113.8,Acropora,ros16,ros16,FALSE,Dampier Archipelago <-> Ningaloo,Mixed,High,352.10054507630576
ros16M,ros16D,0.0654,y,Pilbara Offshore,broadcast,Acropora tenuis,Rosser et al,2016,-20.505,115.522,Acropora,ros16,Dampier Archipelago,broadcast,Acropora tenuis,Rosser et al,2016,-20.65,116.7,Acropora,ros16,ros16,FALSE,Dampier Archipelago <-> Pilbara Offshore,Mixed,High,123.82393946361185
ros16M,ros16N,0.0654,y,Pilbara Offshore,broadcast,Acropora tenuis,Rosser et al,2016,-20.505,115.522,Acropora,ros16,Ningaloo,broadcast,Acropora tenuis,Rosser et al,2016,-22.3,113.8,Acropora,ros16,ros16,FALSE,Ningaloo <-> Pilbara Offshore,Mixed,High,267.9103057972806
un09SL1,un09RS11,0.01,y,Scott Reef,broadcast,Acropora tenuis,Underwood,2009,-14.05,121.8,Acropora,un09,Rowley Shoals,broadcast,Acropora tenuis,Underwood,2009,-17.33,118.97,Acropora,un09,un09,FALSE,Rowley Shoals <-> Scott Reef,Microsatellite,Medium,474.6306147194172
un09SL1,un09RS1S,0.04,y,Scott Reef,broadcast,Acropora tenuis,Underwood,2009,-14.05,121.8,Acropora,un09,Rowley Shoals,broadcast,Acropora tenuis,Underwood,2009,-17.33,118.98,Acropora,un09,un09,FALSE,Rowley Shoals <-> Scott Reef,Microsatellite,Medium,473.94674149771373
un09SL1,un09RS22,0.02,y,Scott Reef,broadcast,Acropora tenuis,Underwood,2009,-14.05,121.8,Acropora,un09,Rowley Shoals,broadcast,Acropora tenuis,Underwood,2009,-17.33,119.05,Acropora,un09,un09,FALSE,Rowley Shoals <-> Scott Reef,Microsatellite,Medium,469.200234525077
un09SL1,un09RS2S,0.02,y,Scott Reef,broadcast,Acropora tenuis,Underwood,2009,-14.05,121.8,Acropora,un09,Rowley Shoals,broadcast,Acropora tenuis,Underwood,2009,-17.33,119.07,Acropora,un09,un09,FALSE,Rowley Shoals <-> Scott Reef,Microsatellite,Medium,467.85733057528495
un09SL1,un09RS33,0.03,y,Scott Reef,broadcast,Acropora tenuis,Underwood,2009,-14.05,121.8,Acropora,un09,Rowley Shoals,broadcast,Acropora tenuis,Underwood,2009,-17.3,119.13,Acropora,un09,un09,FALSE,Rowley Shoals <-> Scott Reef,Microsatellite,Medium,461.2541669826215
un09SL1,un09RS3S,0.06,y,Scott Reef,broadcast,Acropora tenuis,Underwood,2009,-14.05,121.8,Acropora,un09,Rowley Shoals,broadcast,Acropora tenuis,Underwood,2009,-17.28,119.15,Acropora,un09,un09,FALSE,Rowley Shoals <-> Scott Reef,Microsatellite,Medium,458.1875230037511
un09SL1,un09DC1,0.07,y,Scott Reef,broadcast,Acropora tenuis,Underwood,2009,-14.05,121.8,Acropora,un09,Dampier Archipelago,broadcast,Acropora tenuis,Underwood,2009,-20.4,116.55,Acropora,un09,un09,FALSE,Dampier Archipelago <-> Scott Reef,Microsatellite,Medium,900.4730115237845
un09SL1,un09DE1,0.09,y,Scott Reef,broadcast,Acropora tenuis,Underwood,2009,-14.05,121.8,Acropora,un09,Dampier Archipelago,broadcast,Acropora tenuis,Underwood,2009,-20.48,116.65,Acropora,un09,un09,FALSE,Dampier Archipelago <-> Scott Reef,Microsatellite,Medium,900.9108107932205
un09SL1,un09DE2,0.07,y,Scott Reef,broadcast,Acropora tenuis,Underwood,2009,-14.05,121.8,Acropora,un09,Dampier Archipelago,broadcast,Acropora tenuis,Underwood,2009,-20.5,116.7,Acropora,un09,un09,FALSE,Dampier Archipelago <-> Scott Reef,Microsatellite,Medium,899.4526377760094
un09SL1,un09DE3,0.09,y,Scott Reef,broadcast,Acropora tenuis,Underwood,2009,-14.05,121.8,Acropora,un09,Dampier Archipelago,broadcast,Acropora tenuis,Underwood,2009,-20.52,116.75,Acropora,un09,un09,FALSE,Dampier Archipelago <-> Scott Reef,Microsatellite,Medium,898.0297584472819
un09SL1,un09DW1,0.06,y,Scott Reef,broadcast,Acropora tenuis,Underwood,2009,-14.05,121.8,Acropora,un09,Dampier Archipelago,broadcast,Acropora tenuis,Underwood,2009,-20.58,116.55,Acropora,un09,un09,FALSE,Dampier Archipelago <-> Scott Reef,Microsatellite,Medium,916.1073334775092
un09SL1,un09DW2,0.08,y,Scott Reef,broadcast,Acropora tenuis,Underwood,2009,-14.05,121.8,Acropora,un09,Dampier Archipelago,broadcast,Acropora tenuis,Underwood,2009,-20.6,116.58,Acropora,un09,un09,FALSE,Dampier Archipelago <-> Scott Reef,Microsatellite,Medium,915.9235874999656
un09SL1,un09N1,0.05,y,Scott Reef,broadcast,Acropora tenuis,Underwood,2009,-14.05,121.8,Acropora,un09,Ningaloo,broadcast,Acropora tenuis,Underwood,2009,-21.85,113.97,Acropora,un09,un09,FALSE,Ningaloo <-> Scott Reef,Microsatellite,Medium,1200.0056755609469
un09SL1,un09N3,0.05,y,Scott Reef,broadcast,Acropora tenuis,Underwood,2009,-14.05,121.8,Acropora,un09,Ningaloo,broadcast,Acropora tenuis,Underwood,2009,-22.1,113.9,Acropora,un09,un09,FALSE,Ningaloo <-> Scott Reef,Microsatellite,Medium,1224.886729407051
un09SL1,un09N4,0.06,y,Scott Reef,broadcast,Acropora tenuis,Underwood,2009,-14.05,121.8,Acropora,un09,Ningaloo,broadcast,Acropora tenuis,Underwood,2009,-22.3,113.85,Acropora,un09,un09,FALSE,Ningaloo <-> Scott Reef,Microsatellite,Medium,1244.471471170578
un09SL1,un09N5,0.07,y,Scott Reef,broadcast,Acropora tenuis,Underwood,2009,-14.05,121.8,Acropora,un09,Ningaloo,broadcast,Acropora tenuis,Underwood,2009,-22.5,113.8,Acropora,un09,un09,FALSE,Ningaloo <-> Scott Reef,Microsatellite,Medium,1264.1556769758038
un09SL1,un09N6,0.06,y,Scott Reef,broadcast,Acropora tenuis,Underwood,2009,-14.05,121.8,Acropora,un09,Ningaloo,broadcast,Acropora tenuis,Underwood,2009,-22.7,113.78,Acropora,un09,un09,FALSE,Ningaloo <-> Scott Reef,Microsatellite,Medium,1281.843559819156
un09SL1,un09N7,0.06,y,Scott Reef,broadcast,Acropora tenuis,Underwood,2009,-14.05,121.8,Acropora,un09,Ningaloo,broadcast,Acropora tenuis,Underwood,2009,-23,113.75,Acropora,un09,un09,FALSE,Ningaloo <-> Scott Reef,Microsatellite,Medium,1308.632716150544
un09SL1,un09N8,0.05,y,Scott Reef,broadcast,Acropora tenuis,Underwood,2009,-14.05,121.8,Acropora,un09,Ningaloo,broadcast,Acropora tenuis,Underwood,2009,-23.2,113.73,Acropora,un09,un09,FALSE,Ningaloo <-> Scott Reef,Microsatellite,Medium,1326.655554019033
un09SL2,un09RS11,0.02,y,Scott Reef,broadcast,Acropora tenuis,Underwood,2009,-14.1,121.85,Acropora,un09,Rowley Shoals,broadcast,Acropora tenuis,Underwood,2009,-17.33,118.97,Acropora,un09,un09,FALSE,Rowley Shoals <-> Scott Reef,Microsatellite,Medium,473.8102766336652
un09SL2,un09RS1S,0.04,y,Scott Reef,broadcast,Acropora tenuis,Underwood,2009,-14.1,121.85,Acropora,un09,Rowley Shoals,broadcast,Acropora tenuis,Underwood,2009,-17.33,118.98,Acropora,un09,un09,FALSE,Rowley Shoals <-> Scott Reef,Microsatellite,Medium,473.11324876644295
un09SL2,un09RS22,0.01,y,Scott Reef,broadcast,Acropora tenuis,Underwood,2009,-14.1,121.85,Acropora,un09,Rowley Shoals,broadcast,Acropora tenuis,Underwood,2009,-17.33,119.05,Acropora,un09,un09,FALSE,Rowley Shoals <-> Scott Reef,Microsatellite,Medium,468.2736369721096
un09SL2,un09RS2S,0,y,Scott Reef,broadcast,Acropora tenuis,Underwood,2009,-14.1,121.85,Acropora,un09,Rowley Shoals,broadcast,Acropora tenuis,Underwood,2009,-17.33,119.07,Acropora,un09,un09,FALSE,Rowley Shoals <-> Scott Reef,Microsatellite,Medium,466.903802291793
un09SL2,un09RS33,0.01,y,Scott Reef,broadcast,Acropora tenuis,Underwood,2009,-14.1,121.85,Acropora,un09,Rowley Shoals,broadcast,Acropora tenuis,Underwood,2009,-17.3,119.13,Acropora,un09,un09,FALSE,Rowley Shoals <-> Scott Reef,Microsatellite,Medium,460.2540082966537
un09SL2,un09RS3S,0.03,y,Scott Reef,broadcast,Acropora tenuis,Underwood,2009,-14.1,121.85,Acropora,un09,Rowley Shoals,broadcast,Acropora tenuis,Underwood,2009,-17.28,119.15,Acropora,un09,un09,FALSE,Rowley Shoals <-> Scott Reef,Microsatellite,Medium,457.18331491449817
un09SL2,un09DC1,0.08,y,Scott Reef,broadcast,Acropora tenuis,Underwood,2009,-14.1,121.85,Acropora,un09,Dampier Archipelago,broadcast,Acropora tenuis,Underwood,2009,-20.4,116.55,Acropora,un09,un09,FALSE,Dampier Archipelago <-> Scott Reef,Microsatellite,Medium,899.382587346325
un09SL2,un09DE1,0.09,y,Scott Reef,broadcast,Acropora tenuis,Underwood,2009,-14.1,121.85,Acropora,un09,Dampier Archipelago,broadcast,Acropora tenuis,Underwood,2009,-20.48,116.65,Acropora,un09,un09,FALSE,Dampier Archipelago <-> Scott Reef,Microsatellite,Medium,899.7031921968327
un09SL2,un09DE2,0.08,y,Scott Reef,broadcast,Acropora tenuis,Underwood,2009,-14.1,121.85,Acropora,un09,Dampier Archipelago,broadcast,Acropora tenuis,Underwood,2009,-20.5,116.7,Acropora,un09,un09,FALSE,Dampier Archipelago <-> Scott Reef,Microsatellite,Medium,898.1982917576162
un09SL2,un09DE3,0.1,y,Scott Reef,broadcast,Acropora tenuis,Underwood,2009,-14.1,121.85,Acropora,un09,Dampier Archipelago,broadcast,Acropora tenuis,Underwood,2009,-20.52,116.75,Acropora,un09,un09,FALSE,Dampier Archipelago <-> Scott Reef,Microsatellite,Medium,896.7285812708569
un09SL2,un09DW1,0.07,y,Scott Reef,broadcast,Acropora tenuis,Underwood,2009,-14.1,121.85,Acropora,un09,Dampier Archipelago,broadcast,Acropora tenuis,Underwood,2009,-20.58,116.55,Acropora,un09,un09,FALSE,Dampier Archipelago <-> Scott Reef,Microsatellite,Medium,914.9100959901198
un09SL2,un09DW2,0.1,y,Scott Reef,broadcast,Acropora tenuis,Underwood,2009,-14.1,121.85,Acropora,un09,Dampier Archipelago,broadcast,Acropora tenuis,Underwood,2009,-20.6,116.58,Acropora,un09,un09,FALSE,Dampier Archipelago <-> Scott Reef,Microsatellite,Medium,914.6941728072051
un09SL2,un09N1,0.05,y,Scott Reef,broadcast,Acropora tenuis,Underwood,2009,-14.1,121.85,Acropora,un09,Ningaloo,broadcast,Acropora tenuis,Underwood,2009,-21.85,113.97,Acropora,un09,un09,FALSE,Ningaloo <-> Scott Reef,Microsatellite,Medium,1199.5782382488696
un09SL2,un09N3,0.04,y,Scott Reef,broadcast,Acropora tenuis,Underwood,2009,-14.1,121.85,Acropora,un09,Ningaloo,broadcast,Acropora tenuis,Underwood,2009,-22.1,113.9,Acropora,un09,un09,FALSE,Ningaloo <-> Scott Reef,Microsatellite,Medium,1224.3662120350632
un09SL2,un09N4,0.05,y,Scott Reef,broadcast,Acropora tenuis,Underwood,2009,-14.1,121.85,Acropora,un09,Ningaloo,broadcast,Acropora tenuis,Underwood,2009,-22.3,113.85,Acropora,un09,un09,FALSE,Ningaloo <-> Scott Reef,Microsatellite,Medium,1243.8763169697907
un09SL2,un09N5,0.06,y,Scott Reef,broadcast,Acropora tenuis,Underwood,2009,-14.1,121.85,Acropora,un09,Ningaloo,broadcast,Acropora tenuis,Underwood,2009,-22.5,113.8,Acropora,un09,un09,FALSE,Ningaloo <-> Scott Reef,Microsatellite,Medium,1263.4881520356391
un09SL2,un09N6,0.05,y,Scott Reef,broadcast,Acropora tenuis,Underwood,2009,-14.1,121.85,Acropora,un09,Ningaloo,broadcast,Acropora tenuis,Underwood,2009,-22.7,113.78,Acropora,un09,un09,FALSE,Ningaloo <-> Scott Reef,Microsatellite,Medium,1281.0921692692698
un09SL2,un09N7,0.05,y,Scott Reef,broadcast,Acropora tenuis,Underwood,2009,-14.1,121.85,Acropora,un09,Ningaloo,broadcast,Acropora tenuis,Underwood,2009,-23,113.75,Acropora,un09,un09,FALSE,Ningaloo <-> Scott Reef,Microsatellite,Medium,1307.7598439614137
un09SL2,un09N8,0.06,y,Scott Reef,broadcast,Acropora tenuis,Underwood,2009,-14.1,121.85,Acropora,un09,Ningaloo,broadcast,Acropora tenuis,Underwood,2009,-23.2,113.73,Acropora,un09,un09,FALSE,Ningaloo <-> Scott Reef,Microsatellite,Medium,1325.7044673659336
un09SL4,un09RS11,0.03,y,Scott Reef,broadcast,Acropora tenuis,Underwood,2009,-14.1,121.9,Acropora,un09,Rowley Shoals,broadcast,Acropora tenuis,Underwood,2009,-17.33,118.97,Acropora,un09,un09,FALSE,Rowley Shoals <-> Scott Reef,Microsatellite,Medium,477.31621904267996
un09SL4,un09RS1S,0.04,y,Scott Reef,broadcast,Acropora tenuis,Underwood,2009,-14.1,121.9,Acropora,un09,Rowley Shoals,broadcast,Acropora tenuis,Underwood,2009,-17.33,118.98,Acropora,un09,un09,FALSE,Rowley Shoals <-> Scott Reef,Microsatellite,Medium,476.6122772064143
un09SL4,un09RS22,0.03,y,Scott Reef,broadcast,Acropora tenuis,Underwood,2009,-14.1,121.9,Acropora,un09,Rowley Shoals,broadcast,Acropora tenuis,Underwood,2009,-17.33,119.05,Acropora,un09,un09,FALSE,Rowley Shoals <-> Scott Reef,Microsatellite,Medium,471.72340291500143
un09SL4,un09RS2S,0.02,y,Scott Reef,broadcast,Acropora tenuis,Underwood,2009,-14.1,121.9,Acropora,un09,Rowley Shoals,broadcast,Acropora tenuis,Underwood,2009,-17.33,119.07,Acropora,un09,un09,FALSE,Rowley Shoals <-> Scott Reef,Microsatellite,Medium,470.3392116975352
un09SL4,un09RS33,0.04,y,Scott Reef,broadcast,Acropora tenuis,Underwood,2009,-14.1,121.9,Acropora,un09,Rowley Shoals,broadcast,Acropora tenuis,Underwood,2009,-17.3,119.13,Acropora,un09,un09,FALSE,Rowley Shoals <-> Scott Reef,Microsatellite,Medium,463.66494389574245
un09SL4,un09RS3S,0.05,y,Scott Reef,broadcast,Acropora tenuis,Underwood,2009,-14.1,121.9,Acropora,un09,Rowley Shoals,broadcast,Acropora tenuis,Underwood,2009,-17.28,119.15,Acropora,un09,un09,FALSE,Rowley Shoals <-> Scott Reef,Microsatellite,Medium,460.59241343046483
un09SL4,un09DC1,0.08,y,Scott Reef,broadcast,Acropora tenuis,Underwood,2009,-14.1,121.9,Acropora,un09,Dampier Archipelago,broadcast,Acropora tenuis,Underwood,2009,-20.4,116.55,Acropora,un09,un09,FALSE,Dampier Archipelago <-> Scott Reef,Microsatellite,Medium,902.7175269052864
un09SL4,un09DE1,0.09,y,Scott Reef,broadcast,Acropora tenuis,Underwood,2009,-14.1,121.9,Acropora,un09,Dampier Archipelago,broadcast,Acropora tenuis,Underwood,2009,-20.48,116.65,Acropora,un09,un09,FALSE,Dampier Archipelago <-> Scott Reef,Microsatellite,Medium,902.9729385128775
un09SL4,un09DE2,0.07,y,Scott Reef,broadcast,Acropora tenuis,Underwood,2009,-14.1,121.9,Acropora,un09,Dampier Archipelago,broadcast,Acropora tenuis,Underwood,2009,-20.5,116.7,Acropora,un09,un09,FALSE,Dampier Archipelago <-> Scott Reef,Microsatellite,Medium,901.4418381085055
un09SL4,un09DE3,0.09,y,Scott Reef,broadcast,Acropora tenuis,Underwood,2009,-14.1,121.9,Acropora,un09,Dampier Archipelago,broadcast,Acropora tenuis,Underwood,2009,-20.52,116.75,Acropora,un09,un09,FALSE,Dampier Archipelago <-> Scott Reef,Microsatellite,Medium,899.9457203583817
un09SL4,un09DW1,0.07,y,Scott Reef,broadcast,Acropora tenuis,Underwood,2009,-14.1,121.9,Acropora,un09,Dampier Archipelago,broadcast,Acropora tenuis,Underwood,2009,-20.58,116.55,Acropora,un09,un09,FALSE,Dampier Archipelago <-> Scott Reef,Microsatellite,Medium,918.1851780242029
un09SL4,un09DW2,0.09,y,Scott Reef,broadcast,Acropora tenuis,Underwood,2009,-14.1,121.9,Acropora,un09,Dampier Archipelago,broadcast,Acropora tenuis,Underwood,2009,-20.6,116.58,Acropora,un09,un09,FALSE,Dampier Archipelago <-> Scott Reef,Microsatellite,Medium,917.9512231794088
un09SL4,un09N1,0.04,y,Scott Reef,broadcast,Acropora tenuis,Underwood,2009,-14.1,121.9,Acropora,un09,Ningaloo,broadcast,Acropora tenuis,Underwood,2009,-21.85,113.97,Acropora,un09,un09,FALSE,Ningaloo <-> Scott Reef,Microsatellite,Medium,1203.258261633726
un09SL4,un09N3,0.03,y,Scott Reef,broadcast,Acropora tenuis,Underwood,2009,-14.1,121.9,Acropora,un09,Ningaloo,broadcast,Acropora tenuis,Underwood,2009,-22.1,113.9,Acropora,un09,un09,FALSE,Ningaloo <-> Scott Reef,Microsatellite,Medium,1227.9981351768968
un09SL4,un09N4,0.04,y,Scott Reef,broadcast,Acropora tenuis,Underwood,2009,-14.1,121.9,Acropora,un09,Ningaloo,broadcast,Acropora tenuis,Underwood,2009,-22.3,113.85,Acropora,un09,un09,FALSE,Ningaloo <-> Scott Reef,Microsatellite,Medium,1247.4692707858155
un09SL4,un09N5,0.05,y,Scott Reef,broadcast,Acropora tenuis,Underwood,2009,-14.1,121.9,Acropora,un09,Ningaloo,broadcast,Acropora tenuis,Underwood,2009,-22.5,113.8,Acropora,un09,un09,FALSE,Ningaloo <-> Scott Reef,Microsatellite,Medium,1267.0429634503105
un09SL4,un09N6,0.04,y,Scott Reef,broadcast,Acropora tenuis,Underwood,2009,-14.1,121.9,Acropora,un09,Ningaloo,broadcast,Acropora tenuis,Underwood,2009,-22.7,113.78,Acropora,un09,un09,FALSE,Ningaloo <-> Scott Reef,Microsatellite,Medium,1284.602429834997
un09SL4,un09N7,0.04,y,Scott Reef,broadcast,Acropora tenuis,Underwood,2009,-14.1,121.9,Acropora,un09,Ningaloo,broadcast,Acropora tenuis,Underwood,2009,-23,113.75,Acropora,un09,un09,FALSE,Ningaloo <-> Scott Reef,Microsatellite,Medium,1311.2047345522371
un09SL4,un09N8,0.04,y,Scott Reef,broadcast,Acropora tenuis,Underwood,2009,-14.1,121.9,Acropora,un09,Ningaloo,broadcast,Acropora tenuis,Underwood,2009,-23.2,113.73,Acropora,un09,un09,FALSE,Ningaloo <-> Scott Reef,Microsatellite,Medium,1329.1067443223415
un09SL5,un09RS11,0.02,y,Scott Reef,broadcast,Acropora tenuis,Underwood,2009,-14.12,121.88,Acropora,un09,Rowley Shoals,broadcast,Acropora tenuis,Underwood,2009,-17.33,118.97,Acropora,un09,un09,FALSE,Rowley Shoals <-> Scott Reef,Microsatellite,Medium,474.22018987551326
un09SL5,un09RS1S,0.03,y,Scott Reef,broadcast,Acropora tenuis,Underwood,2009,-14.12,121.88,Acropora,un09,Rowley Shoals,broadcast,Acropora tenuis,Underwood,2009,-17.33,118.98,Acropora,un09,un09,FALSE,Rowley Shoals <-> Scott Reef,Microsatellite,Medium,473.5165598407468
un09SL5,un09RS22,0.01,y,Scott Reef,broadcast,Acropora tenuis,Underwood,2009,-14.12,121.88,Acropora,un09,Rowley Shoals,broadcast,Acropora tenuis,Underwood,2009,-17.33,119.05,Acropora,un09,un09,FALSE,Rowley Shoals <-> Scott Reef,Microsatellite,Medium,468.63014358794777
un09SL5,un09RS2S,0,y,Scott Reef,broadcast,Acropora tenuis,Underwood,2009,-14.12,121.88,Acropora,un09,Rowley Shoals,broadcast,Acropora tenuis,Underwood,2009,-17.33,119.07,Acropora,un09,un09,FALSE,Rowley Shoals <-> Scott Reef,Microsatellite,Medium,467.2467456480136
un09SL5,un09RS33,0.02,y,Scott Reef,broadcast,Acropora tenuis,Underwood,2009,-14.12,121.88,Acropora,un09,Rowley Shoals,broadcast,Acropora tenuis,Underwood,2009,-17.3,119.13,Acropora,un09,un09,FALSE,Rowley Shoals <-> Scott Reef,Microsatellite,Medium,460.5738987162641
un09SL5,un09RS3S,0.03,y,Scott Reef,broadcast,Acropora tenuis,Underwood,2009,-14.12,121.88,Acropora,un09,Rowley Shoals,broadcast,Acropora tenuis,Underwood,2009,-17.28,119.15,Acropora,un09,un09,FALSE,Rowley Shoals <-> Scott Reef,Microsatellite,Medium,457.5014726971469
un09SL5,un09DC1,0.07,y,Scott Reef,broadcast,Acropora tenuis,Underwood,2009,-14.12,121.88,Acropora,un09,Dampier Archipelago,broadcast,Acropora tenuis,Underwood,2009,-20.4,116.55,Acropora,un09,un09,FALSE,Dampier Archipelago <-> Scott Reef,Microsatellite,Medium,899.6322115751574
un09SL5,un09DE1,0.08,y,Scott Reef,broadcast,Acropora tenuis,Underwood,2009,-14.12,121.88,Acropora,un09,Dampier Archipelago,broadcast,Acropora tenuis,Underwood,2009,-20.48,116.65,Acropora,un09,un09,FALSE,Dampier Archipelago <-> Scott Reef,Microsatellite,Medium,899.8928066684006
un09SL5,un09DE2,0.07,y,Scott Reef,broadcast,Acropora tenuis,Underwood,2009,-14.12,121.88,Acropora,un09,Dampier Archipelago,broadcast,Acropora tenuis,Underwood,2009,-20.5,116.7,Acropora,un09,un09,FALSE,Dampier Archipelago <-> Scott Reef,Microsatellite,Medium,898.3639711405477
un09SL5,un09DE3,0.09,y,Scott Reef,broadcast,Acropora tenuis,Underwood,2009,-14.12,121.88,Acropora,un09,Dampier Archipelago,broadcast,Acropora tenuis,Underwood,2009,-20.52,116.75,Acropora,un09,un09,FALSE,Dampier Archipelago <-> Scott Reef,Microsatellite,Medium,896.8702402049443
un09SL5,un09DW1,0.06,y,Scott Reef,broadcast,Acropora tenuis,Underwood,2009,-14.12,121.88,Acropora,un09,Dampier Archipelago,broadcast,Acropora tenuis,Underwood,2009,-20.58,116.55,Acropora,un09,un09,FALSE,Dampier Archipelago <-> Scott Reef,Microsatellite,Medium,915.104610472819
un09SL5,un09DW2,0.09,y,Scott Reef,broadcast,Acropora tenuis,Underwood,2009,-14.12,121.88,Acropora,un09,Dampier Archipelago,broadcast,Acropora tenuis,Underwood,2009,-20.6,116.58,Acropora,un09,un09,FALSE,Dampier Archipelago <-> Scott Reef,Microsatellite,Medium,914.8721899611674
un09SL5,un09N1,0.04,y,Scott Reef,broadcast,Acropora tenuis,Underwood,2009,-14.12,121.88,Acropora,un09,Ningaloo,broadcast,Acropora tenuis,Underwood,2009,-21.85,113.97,Acropora,un09,un09,FALSE,Ningaloo <-> Scott Reef,Microsatellite,Medium,1200.1573329943037
un09SL5,un09N3,0.03,y,Scott Reef,broadcast,Acropora tenuis,Underwood,2009,-14.12,121.88,Acropora,un09,Ningaloo,broadcast,Acropora tenuis,Underwood,2009,-22.1,113.9,Acropora,un09,un09,FALSE,Ningaloo <-> Scott Reef,Microsatellite,Medium,1224.8981301386323
un09SL5,un09N4,0.04,y,Scott Reef,broadcast,Acropora tenuis,Underwood,2009,-14.12,121.88,Acropora,un09,Ningaloo,broadcast,Acropora tenuis,Underwood,2009,-22.3,113.85,Acropora,un09,un09,FALSE,Ningaloo <-> Scott Reef,Microsatellite,Medium,1244.370336769412
un09SL5,un09N5,0.05,y,Scott Reef,broadcast,Acropora tenuis,Underwood,2009,-14.12,121.88,Acropora,un09,Ningaloo,broadcast,Acropora tenuis,Underwood,2009,-22.5,113.8,Acropora,un09,un09,FALSE,Ningaloo <-> Scott Reef,Microsatellite,Medium,1263.945349828945
un09SL5,un09N6,0.04,y,Scott Reef,broadcast,Acropora tenuis,Underwood,2009,-14.12,121.88,Acropora,un09,Ningaloo,broadcast,Acropora tenuis,Underwood,2009,-22.7,113.78,Acropora,un09,un09,FALSE,Ningaloo <-> Scott Reef,Microsatellite,Medium,1281.5066890315325
un09SL5,un09N7,0.04,y,Scott Reef,broadcast,Acropora tenuis,Underwood,2009,-14.12,121.88,Acropora,un09,Ningaloo,broadcast,Acropora tenuis,Underwood,2009,-23,113.75,Acropora,un09,un09,FALSE,Ningaloo <-> Scott Reef,Microsatellite,Medium,1308.1123685075022
un09SL5,un09N8,0.04,y,Scott Reef,broadcast,Acropora tenuis,Underwood,2009,-14.12,121.88,Acropora,un09,Ningaloo,broadcast,Acropora tenuis,Underwood,2009,-23.2,113.73,Acropora,un09,un09,FALSE,Ningaloo <-> Scott Reef,Microsatellite,Medium,1326.016967336092
un09SS1,un09RS11,0.03,y,Scott Reef,broadcast,Acropora tenuis,Underwood,2009,-14,121.77,Acropora,un09,Rowley Shoals,broadcast,Acropora tenuis,Underwood,2009,-17.33,118.97,Acropora,un09,un09,FALSE,Rowley Shoals <-> Scott Reef,Microsatellite,Medium,476.9189595964694
un09SS1,un09RS1S,0.04,y,Scott Reef,broadcast,Acropora tenuis,Underwood,2009,-14,121.77,Acropora,un09,Rowley Shoals,broadcast,Acropora tenuis,Underwood,2009,-17.33,118.98,Acropora,un09,un09,FALSE,Rowley Shoals <-> Scott Reef,Microsatellite,Medium,476.245446314069
un09SS1,un09RS22,0.03,y,Scott Reef,broadcast,Acropora tenuis,Underwood,2009,-14,121.77,Acropora,un09,Rowley Shoals,broadcast,Acropora tenuis,Underwood,2009,-17.33,119.05,Acropora,un09,un09,FALSE,Rowley Shoals <-> Scott Reef,Microsatellite,Medium,471.57210585872144
un09SS1,un09RS2S,0.01,y,Scott Reef,broadcast,Acropora tenuis,Underwood,2009,-14,121.77,Acropora,un09,Rowley Shoals,broadcast,Acropora tenuis,Underwood,2009,-17.33,119.07,Acropora,un09,un09,FALSE,Rowley Shoals <-> Scott Reef,Microsatellite,Medium,470.2503136588667
un09SS1,un09RS33,0.02,y,Scott Reef,broadcast,Acropora tenuis,Underwood,2009,-14,121.77,Acropora,un09,Rowley Shoals,broadcast,Acropora tenuis,Underwood,2009,-17.3,119.13,Acropora,un09,un09,FALSE,Rowley Shoals <-> Scott Reef,Microsatellite,Medium,463.6844657576702
un09SS1,un09RS3S,0.03,y,Scott Reef,broadcast,Acropora tenuis,Underwood,2009,-14,121.77,Acropora,un09,Rowley Shoals,broadcast,Acropora tenuis,Underwood,2009,-17.28,119.15,Acropora,un09,un09,FALSE,Rowley Shoals <-> Scott Reef,Microsatellite,Medium,460.6215405599635
un09SS1,un09DC1,0.06,y,Scott Reef,broadcast,Acropora tenuis,Underwood,2009,-14,121.77,Acropora,un09,Dampier Archipelago,broadcast,Acropora tenuis,Underwood,2009,-20.4,116.55,Acropora,un09,un09,FALSE,Dampier Archipelago <-> Scott Reef,Microsatellite,Medium,902.930090921776
un09SS1,un09DE1,0.08,y,Scott Reef,broadcast,Acropora tenuis,Underwood,2009,-14,121.77,Acropora,un09,Dampier Archipelago,broadcast,Acropora tenuis,Underwood,2009,-20.48,116.65,Acropora,un09,un09,FALSE,Dampier Archipelago <-> Scott Reef,Microsatellite,Medium,903.4583764048052
un09SS1,un09DE2,0.06,y,Scott Reef,broadcast,Acropora tenuis,Underwood,2009,-14,121.77,Acropora,un09,Dampier Archipelago,broadcast,Acropora tenuis,Underwood,2009,-20.5,116.7,Acropora,un09,un09,FALSE,Dampier Archipelago <-> Scott Reef,Microsatellite,Medium,902.0362552457648
un09SS1,un09DE3,0.08,y,Scott Reef,broadcast,Acropora tenuis,Underwood,2009,-14,121.77,Acropora,un09,Dampier Archipelago,broadcast,Acropora tenuis,Underwood,2009,-20.52,116.75,Acropora,un09,un09,FALSE,Dampier Archipelago <-> Scott Reef,Microsatellite,Medium,900.6494436964454
un09SS1,un09DW1,0.06,y,Scott Reef,broadcast,Acropora tenuis,Underwood,2009,-14,121.77,Acropora,un09,Dampier Archipelago,broadcast,Acropora tenuis,Underwood,2009,-20.58,116.55,Acropora,un09,un09,FALSE,Dampier Archipelago <-> Scott Reef,Microsatellite,Medium,918.6461536386101
un09SS1,un09DW2,0.09,y,Scott Reef,broadcast,Acropora tenuis,Underwood,2009,-14,121.77,Acropora,un09,Dampier Archipelago,broadcast,Acropora tenuis,Underwood,2009,-20.6,116.58,Acropora,un09,un09,FALSE,Dampier Archipelago <-> Scott Reef,Microsatellite,Medium,918.487210765574
un09SS1,un09N1,0.03,y,Scott Reef,broadcast,Acropora tenuis,Underwood,2009,-14,121.77,Acropora,un09,Ningaloo,broadcast,Acropora tenuis,Underwood,2009,-21.85,113.97,Acropora,un09,un09,FALSE,Ningaloo <-> Scott Reef,Microsatellite,Medium,1201.9316421312203
un09SS1,un09N3,0.03,y,Scott Reef,broadcast,Acropora tenuis,Underwood,2009,-14,121.77,Acropora,un09,Ningaloo,broadcast,Acropora tenuis,Underwood,2009,-22.1,113.9,Acropora,un09,un09,FALSE,Ningaloo <-> Scott Reef,Microsatellite,Medium,1226.885664527575
un09SS1,un09N4,0.04,y,Scott Reef,broadcast,Acropora tenuis,Underwood,2009,-14,121.77,Acropora,un09,Ningaloo,broadcast,Acropora tenuis,Underwood,2009,-22.3,113.85,Acropora,un09,un09,FALSE,Ningaloo <-> Scott Reef,Microsatellite,Medium,1246.5287845324694
un09SS1,un09N5,0.04,y,Scott Reef,broadcast,Acropora tenuis,Underwood,2009,-14,121.77,Acropora,un09,Ningaloo,broadcast,Acropora tenuis,Underwood,2009,-22.5,113.8,Acropora,un09,un09,FALSE,Ningaloo <-> Scott Reef,Microsatellite,Medium,1266.2694550210153
un09SS1,un09N6,0.03,y,Scott Reef,broadcast,Acropora tenuis,Underwood,2009,-14,121.77,Acropora,un09,Ningaloo,broadcast,Acropora tenuis,Underwood,2009,-22.7,113.78,Acropora,un09,un09,FALSE,Ningaloo <-> Scott Reef,Microsatellite,Medium,1284.0227515817953
un09SS1,un09N7,0.02,y,Scott Reef,broadcast,Acropora tenuis,Underwood,2009,-14,121.77,Acropora,un09,Ningaloo,broadcast,Acropora tenuis,Underwood,2009,-23,113.75,Acropora,un09,un09,FALSE,Ningaloo <-> Scott Reef,Microsatellite,Medium,1310.9063259832674
un09SS1,un09N8,0.03,y,Scott Reef,broadcast,Acropora tenuis,Underwood,2009,-14,121.77,Acropora,un09,Ningaloo,broadcast,Acropora tenuis,Underwood,2009,-23.2,113.73,Acropora,un09,un09,FALSE,Ningaloo <-> Scott Reef,Microsatellite,Medium,1328.989743456974
un09SS2,un09RS11,0.06,y,Scott Reef,broadcast,Acropora tenuis,Underwood,2009,-13.95,121.8,Acropora,un09,Rowley Shoals,broadcast,Acropora tenuis,Underwood,2009,-17.33,118.97,Acropora,un09,un09,FALSE,Rowley Shoals <-> Scott Reef,Microsatellite,Medium,483.2912741379737
un09SS2,un09RS1S,0.07,y,Scott Reef,broadcast,Acropora tenuis,Underwood,2009,-13.95,121.8,Acropora,un09,Rowley Shoals,broadcast,Acropora tenuis,Underwood,2009,-17.33,118.98,Acropora,un09,un09,FALSE,Rowley Shoals <-> Scott Reef,Microsatellite,Medium,482.6193578649755
un09SS2,un09RS22,0.06,y,Scott Reef,broadcast,Acropora tenuis,Underwood,2009,-13.95,121.8,Acropora,un09,Rowley Shoals,broadcast,Acropora tenuis,Underwood,2009,-17.33,119.05,Acropora,un09,un09,FALSE,Rowley Shoals <-> Scott Reef,Microsatellite,Medium,477.9567869030334
un09SS2,un09RS2S,0.04,y,Scott Reef,broadcast,Acropora tenuis,Underwood,2009,-13.95,121.8,Acropora,un09,Rowley Shoals,broadcast,Acropora tenuis,Underwood,2009,-17.33,119.07,Acropora,un09,un09,FALSE,Rowley Shoals <-> Scott Reef,Microsatellite,Medium,476.6379352656425
un09SS2,un09RS33,0.04,y,Scott Reef,broadcast,Acropora tenuis,Underwood,2009,-13.95,121.8,Acropora,un09,Rowley Shoals,broadcast,Acropora tenuis,Underwood,2009,-17.3,119.13,Acropora,un09,un09,FALSE,Rowley Shoals <-> Scott Reef,Microsatellite,Medium,470.0771524129759
un09SS2,un09RS3S,0.05,y,Scott Reef,broadcast,Acropora tenuis,Underwood,2009,-13.95,121.8,Acropora,un09,Rowley Shoals,broadcast,Acropora tenuis,Underwood,2009,-17.28,119.15,Acropora,un09,un09,FALSE,Rowley Shoals <-> Scott Reef,Microsatellite,Medium,467.014748452564
un09SS2,un09DC1,0.12,y,Scott Reef,broadcast,Acropora tenuis,Underwood,2009,-13.95,121.8,Acropora,un09,Dampier Archipelago,broadcast,Acropora tenuis,Underwood,2009,-20.4,116.55,Acropora,un09,un09,FALSE,Dampier Archipelago <-> Scott Reef,Microsatellite,Medium,909.3235035307796
un09SS2,un09DE1,0.13,y,Scott Reef,broadcast,Acropora tenuis,Underwood,2009,-13.95,121.8,Acropora,un09,Dampier Archipelago,broadcast,Acropora tenuis,Underwood,2009,-20.48,116.65,Acropora,un09,un09,FALSE,Dampier Archipelago <-> Scott Reef,Microsatellite,Medium,909.8628704140052
un09SS2,un09DE2,0.12,y,Scott Reef,broadcast,Acropora tenuis,Underwood,2009,-13.95,121.8,Acropora,un09,Dampier Archipelago,broadcast,Acropora tenuis,Underwood,2009,-20.5,116.7,Acropora,un09,un09,FALSE,Dampier Archipelago <-> Scott Reef,Microsatellite,Medium,908.4447756641458
un09SS2,un09DE3,0.14,y,Scott Reef,broadcast,Acropora tenuis,Underwood,2009,-13.95,121.8,Acropora,un09,Dampier Archipelago,broadcast,Acropora tenuis,Underwood,2009,-20.52,116.75,Acropora,un09,un09,FALSE,Dampier Archipelago <-> Scott Reef,Microsatellite,Medium,907.0617649590699
un09SS2,un09DW1,0.1,y,Scott Reef,broadcast,Acropora tenuis,Underwood,2009,-13.95,121.8,Acropora,un09,Dampier Archipelago,broadcast,Acropora tenuis,Underwood,2009,-20.58,116.55,Acropora,un09,un09,FALSE,Dampier Archipelago <-> Scott Reef,Microsatellite,Medium,925.0495958678201
un09SS2,un09DW2,0.14,y,Scott Reef,broadcast,Acropora tenuis,Underwood,2009,-13.95,121.8,Acropora,un09,Dampier Archipelago,broadcast,Acropora tenuis,Underwood,2009,-20.6,116.58,Acropora,un09,un09,FALSE,Dampier Archipelago <-> Scott Reef,Microsatellite,Medium,924.8934846550952
un09SS2,un09N1,0.07,y,Scott Reef,broadcast,Acropora tenuis,Underwood,2009,-13.95,121.8,Acropora,un09,Ningaloo,broadcast,Acropora tenuis,Underwood,2009,-21.85,113.97,Acropora,un09,un09,FALSE,Ningaloo <-> Scott Reef,Microsatellite,Medium,1208.2313676071058
un09SS2,un09N3,0.08,y,Scott Reef,broadcast,Acropora tenuis,Underwood,2009,-13.95,121.8,Acropora,un09,Ningaloo,broadcast,Acropora tenuis,Underwood,2009,-22.1,113.9,Acropora,un09,un09,FALSE,Ningaloo <-> Scott Reef,Microsatellite,Medium,1233.2007547242722
un09SS2,un09N4,0.08,y,Scott Reef,broadcast,Acropora tenuis,Underwood,2009,-13.95,121.8,Acropora,un09,Ningaloo,broadcast,Acropora tenuis,Underwood,2009,-22.3,113.85,Acropora,un09,un09,FALSE,Ningaloo <-> Scott Reef,Microsatellite,Medium,1252.8555791602291
un09SS2,un09N5,0.1,y,Scott Reef,broadcast,Acropora tenuis,Underwood,2009,-13.95,121.8,Acropora,un09,Ningaloo,broadcast,Acropora tenuis,Underwood,2009,-22.5,113.8,Acropora,un09,un09,FALSE,Ningaloo <-> Scott Reef,Microsatellite,Medium,1272.6070645451475
un09SS2,un09N6,0.07,y,Scott Reef,broadcast,Acropora tenuis,Underwood,2009,-13.95,121.8,Acropora,un09,Ningaloo,broadcast,Acropora tenuis,Underwood,2009,-22.7,113.78,Acropora,un09,un09,FALSE,Ningaloo <-> Scott Reef,Microsatellite,Medium,1290.372275999434
un09SS2,un09N7,0.06,y,Scott Reef,broadcast,Acropora tenuis,Underwood,2009,-13.95,121.8,Acropora,un09,Ningaloo,broadcast,Acropora tenuis,Underwood,2009,-23,113.75,Acropora,un09,un09,FALSE,Ningaloo <-> Scott Reef,Microsatellite,Medium,1317.2718397421013
un09SS2,un09N8,0.1,y,Scott Reef,broadcast,Acropora tenuis,Underwood,2009,-13.95,121.8,Acropora,un09,Ningaloo,broadcast,Acropora tenuis,Underwood,2009,-23.2,113.73,Acropora,un09,un09,FALSE,Ningaloo <-> Scott Reef,Microsatellite,Medium,1335.3647539356746
un09SS3,un09RS11,0.07,y,Scott Reef,broadcast,Acropora tenuis,Underwood,2009,-13.9,121.83,Acropora,un09,Rowley Shoals,broadcast,Acropora tenuis,Underwood,2009,-17.33,118.97,Acropora,un09,un09,FALSE,Rowley Shoals <-> Scott Reef,Microsatellite,Medium,489.6659265315962
un09SS3,un09RS1S,0.09,y,Scott Reef,broadcast,Acropora tenuis,Underwood,2009,-13.9,121.83,Acropora,un09,Rowley Shoals,broadcast,Acropora tenuis,Underwood,2009,-17.33,118.98,Acropora,un09,un09,FALSE,Rowley Shoals <-> Scott Reef,Microsatellite,Medium,488.9955658890414
un09SS3,un09RS22,0.06,y,Scott Reef,broadcast,Acropora tenuis,Underwood,2009,-13.9,121.83,Acropora,un09,Rowley Shoals,broadcast,Acropora tenuis,Underwood,2009,-17.33,119.05,Acropora,un09,un09,FALSE,Rowley Shoals <-> Scott Reef,Microsatellite,Medium,484.3434818628941
un09SS3,un09RS2S,0.03,y,Scott Reef,broadcast,Acropora tenuis,Underwood,2009,-13.9,121.83,Acropora,un09,Rowley Shoals,broadcast,Acropora tenuis,Underwood,2009,-17.33,119.07,Acropora,un09,un09,FALSE,Rowley Shoals <-> Scott Reef,Microsatellite,Medium,483.027492514259
un09SS3,un09RS33,0.03,y,Scott Reef,broadcast,Acropora tenuis,Underwood,2009,-13.9,121.83,Acropora,un09,Rowley Shoals,broadcast,Acropora tenuis,Underwood,2009,-17.3,119.13,Acropora,un09,un09,FALSE,Rowley Shoals <-> Scott Reef,Microsatellite,Medium,476.4716500492391
un09SS3,un09RS3S,0.03,y,Scott Reef,broadcast,Acropora tenuis,Underwood,2009,-13.9,121.83,Acropora,un09,Rowley Shoals,broadcast,Acropora tenuis,Underwood,2009,-17.28,119.15,Acropora,un09,un09,FALSE,Rowley Shoals <-> Scott Reef,Microsatellite,Medium,473.4097607361094
un09SS3,un09DC1,0.12,y,Scott Reef,broadcast,Acropora tenuis,Underwood,2009,-13.9,121.83,Acropora,un09,Dampier Archipelago,broadcast,Acropora tenuis,Underwood,2009,-20.4,116.55,Acropora,un09,un09,FALSE,Dampier Archipelago <-> Scott Reef,Microsatellite,Medium,915.7180950540463
un09SS3,un09DE1,0.14,y,Scott Reef,broadcast,Acropora tenuis,Underwood,2009,-13.9,121.83,Acropora,un09,Dampier Archipelago,broadcast,Acropora tenuis,Underwood,2009,-20.48,116.65,Acropora,un09,un09,FALSE,Dampier Archipelago <-> Scott Reef,Microsatellite,Medium,916.2683686111051
un09SS3,un09DE2,0.13,y,Scott Reef,broadcast,Acropora tenuis,Underwood,2009,-13.9,121.83,Acropora,un09,Dampier Archipelago,broadcast,Acropora tenuis,Underwood,2009,-20.5,116.7,Acropora,un09,un09,FALSE,Dampier Archipelago <-> Scott Reef,Microsatellite,Medium,914.8542367627074
un09SS3,un09DE3,0.15,y,Scott Reef,broadcast,Acropora tenuis,Underwood,2009,-13.9,121.83,Acropora,un09,Dampier Archipelago,broadcast,Acropora tenuis,Underwood,2009,-20.52,116.75,Acropora,un09,un09,FALSE,Dampier Archipelago <-> Scott Reef,Microsatellite,Medium,913.4749662730447
un09SS3,un09DW1,0.11,y,Scott Reef,broadcast,Acropora tenuis,Underwood,2009,-13.9,121.83,Acropora,un09,Dampier Archipelago,broadcast,Acropora tenuis,Underwood,2009,-20.58,116.55,Acropora,un09,un09,FALSE,Dampier Archipelago <-> Scott Reef,Microsatellite,Medium,931.4540504258524
un09SS3,un09DW2,0.15,y,Scott Reef,broadcast,Acropora tenuis,Underwood,2009,-13.9,121.83,Acropora,un09,Dampier Archipelago,broadcast,Acropora tenuis,Underwood,2009,-20.6,116.58,Acropora,un09,un09,FALSE,Dampier Archipelago <-> Scott Reef,Microsatellite,Medium,931.3007265973113
un09SS3,un09N1,0.05,y,Scott Reef,broadcast,Acropora tenuis,Underwood,2009,-13.9,121.83,Acropora,un09,Ningaloo,broadcast,Acropora tenuis,Underwood,2009,-21.85,113.97,Acropora,un09,un09,FALSE,Ningaloo <-> Scott Reef,Microsatellite,Medium,1214.5331931226533
un09SS3,un09N3,0.06,y,Scott Reef,broadcast,Acropora tenuis,Underwood,2009,-13.9,121.83,Acropora,un09,Ningaloo,broadcast,Acropora tenuis,Underwood,2009,-22.1,113.9,Acropora,un09,un09,FALSE,Ningaloo <-> Scott Reef,Microsatellite,Medium,1239.51774495138
un09SS3,un09N4,0.06,y,Scott Reef,broadcast,Acropora tenuis,Underwood,2009,-13.9,121.83,Acropora,un09,Ningaloo,broadcast,Acropora tenuis,Underwood,2009,-22.3,113.85,Acropora,un09,un09,FALSE,Ningaloo <-> Scott Reef,Microsatellite,Medium,1259.1841249284146
un09SS3,un09N5,0.09,y,Scott Reef,broadcast,Acropora tenuis,Underwood,2009,-13.9,121.83,Acropora,un09,Ningaloo,broadcast,Acropora tenuis,Underwood,2009,-22.5,113.8,Acropora,un09,un09,FALSE,Ningaloo <-> Scott Reef,Microsatellite,Medium,1278.946289328385
un09SS3,un09N6,0.05,y,Scott Reef,broadcast,Acropora tenuis,Underwood,2009,-13.9,121.83,Acropora,un09,Ningaloo,broadcast,Acropora tenuis,Underwood,2009,-22.7,113.78,Acropora,un09,un09,FALSE,Ningaloo <-> Scott Reef,Microsatellite,Medium,1296.72327218625
un09SS3,un09N7,0.04,y,Scott Reef,broadcast,Acropora tenuis,Underwood,2009,-13.9,121.83,Acropora,un09,Ningaloo,broadcast,Acropora tenuis,Underwood,2009,-23,113.75,Acropora,un09,un09,FALSE,Ningaloo <-> Scott Reef,Microsatellite,Medium,1323.6386346092672
un09SS3,un09N8,0.08,y,Scott Reef,broadcast,Acropora tenuis,Underwood,2009,-13.9,121.83,Acropora,un09,Ningaloo,broadcast,Acropora tenuis,Underwood,2009,-23.2,113.73,Acropora,un09,un09,FALSE,Ningaloo <-> Scott Reef,Microsatellite,Medium,1341.740933284011
un09RS11,un09DC1,0.07,y,Rowley Shoals,broadcast,Acropora tenuis,Underwood,2009,-17.33,118.97,Acropora,un09,Dampier Archipelago,broadcast,Acropora tenuis,Underwood,2009,-20.4,116.55,Acropora,un09,un09,FALSE,Dampier Archipelago <-> Rowley Shoals,Microsatellite,Medium,426.3296263643641
un09RS11,un09DE1,0.07,y,Rowley Shoals,broadcast,Acropora tenuis,Underwood,2009,-17.33,118.97,Acropora,un09,Dampier Archipelago,broadcast,Acropora tenuis,Underwood,2009,-20.48,116.65,Acropora,un09,un09,FALSE,Dampier Archipelago <-> Rowley Shoals,Microsatellite,Medium,427.35909992064467
un09RS11,un09DE2,0.06,y,Rowley Shoals,broadcast,Acropora tenuis,Underwood,2009,-17.33,118.97,Acropora,un09,Dampier Archipelago,broadcast,Acropora tenuis,Underwood,2009,-20.5,116.7,Acropora,un09,un09,FALSE,Dampier Archipelago <-> Rowley Shoals,Microsatellite,Medium,426.2048605246597
un09RS11,un09DE3,0.08,y,Rowley Shoals,broadcast,Acropora tenuis,Underwood,2009,-17.33,118.97,Acropora,un09,Dampier Archipelago,broadcast,Acropora tenuis,Underwood,2009,-20.52,116.75,Acropora,un09,un09,FALSE,Dampier Archipelago <-> Rowley Shoals,Microsatellite,Medium,425.1250697566858
un09RS11,un09DW1,0.06,y,Rowley Shoals,broadcast,Acropora tenuis,Underwood,2009,-17.33,118.97,Acropora,un09,Dampier Archipelago,broadcast,Acropora tenuis,Underwood,2009,-20.58,116.55,Acropora,un09,un09,FALSE,Dampier Archipelago <-> Rowley Shoals,Microsatellite,Medium,442.47219274370843
un09RS11,un09DW2,0.08,y,Rowley Shoals,broadcast,Acropora tenuis,Underwood,2009,-17.33,118.97,Acropora,un09,Dampier Archipelago,broadcast,Acropora tenuis,Underwood,2009,-20.6,116.58,Acropora,un09,un09,FALSE,Dampier Archipelago <-> Rowley Shoals,Microsatellite,Medium,442.4825576466461
un09RS11,un09N1,0.05,y,Rowley Shoals,broadcast,Acropora tenuis,Underwood,2009,-17.33,118.97,Acropora,un09,Ningaloo,broadcast,Acropora tenuis,Underwood,2009,-21.85,113.97,Acropora,un09,un09,FALSE,Ningaloo <-> Rowley Shoals,Microsatellite,Medium,726.5888268605443
un09RS11,un09N3,0.05,y,Rowley Shoals,broadcast,Acropora tenuis,Underwood,2009,-17.33,118.97,Acropora,un09,Ningaloo,broadcast,Acropora tenuis,Underwood,2009,-22.1,113.9,Acropora,un09,un09,FALSE,Ningaloo <-> Rowley Shoals,Microsatellite,Medium,750.9955660117217
un09RS11,un09N4,0.06,y,Rowley Shoals,broadcast,Acropora tenuis,Underwood,2009,-17.33,118.97,Acropora,un09,Ningaloo,broadcast,Acropora tenuis,Underwood,2009,-22.3,113.85,Acropora,un09,un09,FALSE,Ningaloo <-> Rowley Shoals,Microsatellite,Medium,770.28741059806
un09RS11,un09N5,0.06,y,Rowley Shoals,broadcast,Acropora tenuis,Underwood,2009,-17.33,118.97,Acropora,un09,Ningaloo,broadcast,Acropora tenuis,Underwood,2009,-22.5,113.8,Acropora,un09,un09,FALSE,Ningaloo <-> Rowley Shoals,Microsatellite,Medium,789.7593431682772
un09RS11,un09N6,0.06,y,Rowley Shoals,broadcast,Acropora tenuis,Underwood,2009,-17.33,118.97,Acropora,un09,Ningaloo,broadcast,Acropora tenuis,Underwood,2009,-22.7,113.78,Acropora,un09,un09,FALSE,Ningaloo <-> Rowley Shoals,Microsatellite,Medium,807.2872667243003
un09RS11,un09N7,0.06,y,Rowley Shoals,broadcast,Acropora tenuis,Underwood,2009,-17.33,118.97,Acropora,un09,Ningaloo,broadcast,Acropora tenuis,Underwood,2009,-23,113.75,Acropora,un09,un09,FALSE,Ningaloo <-> Rowley Shoals,Microsatellite,Medium,834.0030583737497
un09RS11,un09N8,0.05,y,Rowley Shoals,broadcast,Acropora tenuis,Underwood,2009,-17.33,118.97,Acropora,un09,Ningaloo,broadcast,Acropora tenuis,Underwood,2009,-23.2,113.73,Acropora,un09,un09,FALSE,Ningaloo <-> Rowley Shoals,Microsatellite,Medium,852.0754352240523
un09RS1S,un09DC1,0.09,y,Rowley Shoals,broadcast,Acropora tenuis,Underwood,2009,-17.33,118.98,Acropora,un09,Dampier Archipelago,broadcast,Acropora tenuis,Underwood,2009,-20.4,116.55,Acropora,un09,un09,FALSE,Dampier Archipelago <-> Rowley Shoals,Microsatellite,Medium,426.9601129513851
un09RS1S,un09DE1,0.07,y,Rowley Shoals,broadcast,Acropora tenuis,Underwood,2009,-17.33,118.98,Acropora,un09,Dampier Archipelago,broadcast,Acropora tenuis,Underwood,2009,-20.48,116.65,Acropora,un09,un09,FALSE,Dampier Archipelago <-> Rowley Shoals,Microsatellite,Medium,427.9618544741648
un09RS1S,un09DE2,0.06,y,Rowley Shoals,broadcast,Acropora tenuis,Underwood,2009,-17.33,118.98,Acropora,un09,Dampier Archipelago,broadcast,Acropora tenuis,Underwood,2009,-20.5,116.7,Acropora,un09,un09,FALSE,Dampier Archipelago <-> Rowley Shoals,Microsatellite,Medium,426.7961840415441
un09RS1S,un09DE3,0.08,y,Rowley Shoals,broadcast,Acropora tenuis,Underwood,2009,-17.33,118.98,Acropora,un09,Dampier Archipelago,broadcast,Acropora tenuis,Underwood,2009,-20.52,116.75,Acropora,un09,un09,FALSE,Dampier Archipelago <-> Rowley Shoals,Microsatellite,Medium,425.7048016656114
un09RS1S,un09DW1,0.06,y,Rowley Shoals,broadcast,Acropora tenuis,Underwood,2009,-17.33,118.98,Acropora,un09,Dampier Archipelago,broadcast,Acropora tenuis,Underwood,2009,-20.58,116.55,Acropora,un09,un09,FALSE,Dampier Archipelago <-> Rowley Shoals,Microsatellite,Medium,443.0790321847506
un09RS1S,un09DW2,0.08,y,Rowley Shoals,broadcast,Acropora tenuis,Underwood,2009,-17.33,118.98,Acropora,un09,Dampier Archipelago,broadcast,Acropora tenuis,Underwood,2009,-20.6,116.58,Acropora,un09,un09,FALSE,Dampier Archipelago <-> Rowley Shoals,Microsatellite,Medium,443.081806729637
un09RS1S,un09N1,0.07,y,Rowley Shoals,broadcast,Acropora tenuis,Underwood,2009,-17.33,118.98,Acropora,un09,Ningaloo,broadcast,Acropora tenuis,Underwood,2009,-21.85,113.97,Acropora,un09,un09,FALSE,Ningaloo <-> Rowley Shoals,Microsatellite,Medium,727.3454283253326
un09RS1S,un09N3,0.08,y,Rowley Shoals,broadcast,Acropora tenuis,Underwood,2009,-17.33,118.98,Acropora,un09,Ningaloo,broadcast,Acropora tenuis,Underwood,2009,-22.1,113.9,Acropora,un09,un09,FALSE,Ningaloo <-> Rowley Shoals,Microsatellite,Medium,751.7366140103179
un09RS1S,un09N4,0.09,y,Rowley Shoals,broadcast,Acropora tenuis,Underwood,2009,-17.33,118.98,Acropora,un09,Ningaloo,broadcast,Acropora tenuis,Underwood,2009,-22.3,113.85,Acropora,un09,un09,FALSE,Ningaloo <-> Rowley Shoals,Microsatellite,Medium,771.0160622596537
un09RS1S,un09N5,0.06,y,Rowley Shoals,broadcast,Acropora tenuis,Underwood,2009,-17.33,118.98,Acropora,un09,Ningaloo,broadcast,Acropora tenuis,Underwood,2009,-22.5,113.8,Acropora,un09,un09,FALSE,Ningaloo <-> Rowley Shoals,Microsatellite,Medium,790.4760156620772
un09RS1S,un09N6,0.07,y,Rowley Shoals,broadcast,Acropora tenuis,Underwood,2009,-17.33,118.98,Acropora,un09,Ningaloo,broadcast,Acropora tenuis,Underwood,2009,-22.7,113.78,Acropora,un09,un09,FALSE,Ningaloo <-> Rowley Shoals,Microsatellite,Medium,807.9901526290392
un09RS1S,un09N7,0.08,y,Rowley Shoals,broadcast,Acropora tenuis,Underwood,2009,-17.33,118.98,Acropora,un09,Ningaloo,broadcast,Acropora tenuis,Underwood,2009,-23,113.75,Acropora,un09,un09,FALSE,Ningaloo <-> Rowley Shoals,Microsatellite,Medium,834.685979071406
un09RS1S,un09N8,0.06,y,Rowley Shoals,broadcast,Acropora tenuis,Underwood,2009,-17.33,118.98,Acropora,un09,Ningaloo,broadcast,Acropora tenuis,Underwood,2009,-23.2,113.73,Acropora,un09,un09,FALSE,Ningaloo <-> Rowley Shoals,Microsatellite,Medium,852.7455190823889
un09RS22,un09DC1,0.09,y,Rowley Shoals,broadcast,Acropora tenuis,Underwood,2009,-17.33,119.05,Acropora,un09,Dampier Archipelago,broadcast,Acropora tenuis,Underwood,2009,-20.4,116.55,Acropora,un09,un09,FALSE,Dampier Archipelago <-> Rowley Shoals,Microsatellite,Medium,431.4197102197548
un09RS22,un09DE1,0.1,y,Rowley Shoals,broadcast,Acropora tenuis,Underwood,2009,-17.33,119.05,Acropora,un09,Dampier Archipelago,broadcast,Acropora tenuis,Underwood,2009,-20.48,116.65,Acropora,un09,un09,FALSE,Dampier Archipelago <-> Rowley Shoals,Microsatellite,Medium,432.22942167129554
un09RS22,un09DE2,0.1,y,Rowley Shoals,broadcast,Acropora tenuis,Underwood,2009,-17.33,119.05,Acropora,un09,Dampier Archipelago,broadcast,Acropora tenuis,Underwood,2009,-20.5,116.7,Acropora,un09,un09,FALSE,Dampier Archipelago <-> Rowley Shoals,Microsatellite,Medium,430.98475165068726
un09RS22,un09DE3,0.11,y,Rowley Shoals,broadcast,Acropora tenuis,Underwood,2009,-17.33,119.05,Acropora,un09,Dampier Archipelago,broadcast,Acropora tenuis,Underwood,2009,-20.52,116.75,Acropora,un09,un09,FALSE,Dampier Archipelago <-> Rowley Shoals,Microsatellite,Medium,429.8132381122703
un09RS22,un09DW1,0.09,y,Rowley Shoals,broadcast,Acropora tenuis,Underwood,2009,-17.33,119.05,Acropora,un09,Dampier Archipelago,broadcast,Acropora tenuis,Underwood,2009,-20.58,116.55,Acropora,un09,un09,FALSE,Dampier Archipelago <-> Rowley Shoals,Microsatellite,Medium,447.3732060055496
un09RS22,un09DW2,0.12,y,Rowley Shoals,broadcast,Acropora tenuis,Underwood,2009,-17.33,119.05,Acropora,un09,Dampier Archipelago,broadcast,Acropora tenuis,Underwood,2009,-20.6,116.58,Acropora,un09,un09,FALSE,Dampier Archipelago <-> Rowley Shoals,Microsatellite,Medium,447.32341780886395
un09RS22,un09N1,0.05,y,Rowley Shoals,broadcast,Acropora tenuis,Underwood,2009,-17.33,119.05,Acropora,un09,Ningaloo,broadcast,Acropora tenuis,Underwood,2009,-21.85,113.97,Acropora,un09,un09,FALSE,Ningaloo <-> Rowley Shoals,Microsatellite,Medium,732.6617479198031
un09RS22,un09N3,0.05,y,Rowley Shoals,broadcast,Acropora tenuis,Underwood,2009,-17.33,119.05,Acropora,un09,Ningaloo,broadcast,Acropora tenuis,Underwood,2009,-22.1,113.9,Acropora,un09,un09,FALSE,Ningaloo <-> Rowley Shoals,Microsatellite,Medium,756.9442084696926
un09RS22,un09N4,0.06,y,Rowley Shoals,broadcast,Acropora tenuis,Underwood,2009,-17.33,119.05,Acropora,un09,Ningaloo,broadcast,Acropora tenuis,Underwood,2009,-22.3,113.85,Acropora,un09,un09,FALSE,Ningaloo <-> Rowley Shoals,Microsatellite,Medium,776.1369857146065
un09RS22,un09N5,0.06,y,Rowley Shoals,broadcast,Acropora tenuis,Underwood,2009,-17.33,119.05,Acropora,un09,Ningaloo,broadcast,Acropora tenuis,Underwood,2009,-22.5,113.8,Acropora,un09,un09,FALSE,Ningaloo <-> Rowley Shoals,Microsatellite,Medium,795.5131464000391
un09RS22,un09N6,0.07,y,Rowley Shoals,broadcast,Acropora tenuis,Underwood,2009,-17.33,119.05,Acropora,un09,Ningaloo,broadcast,Acropora tenuis,Underwood,2009,-22.7,113.78,Acropora,un09,un09,FALSE,Ningaloo <-> Rowley Shoals,Microsatellite,Medium,812.9309627494584
un09RS22,un09N7,0.06,y,Rowley Shoals,broadcast,Acropora tenuis,Underwood,2009,-17.33,119.05,Acropora,un09,Ningaloo,broadcast,Acropora tenuis,Underwood,2009,-23,113.75,Acropora,un09,un09,FALSE,Ningaloo <-> Rowley Shoals,Microsatellite,Medium,839.487228982873
un09RS22,un09N8,0.06,y,Rowley Shoals,broadcast,Acropora tenuis,Underwood,2009,-17.33,119.05,Acropora,un09,Ningaloo,broadcast,Acropora tenuis,Underwood,2009,-23.2,113.73,Acropora,un09,un09,FALSE,Ningaloo <-> Rowley Shoals,Microsatellite,Medium,857.4569931588078
un09RS2S,un09DC1,0.07,y,Rowley Shoals,broadcast,Acropora tenuis,Underwood,2009,-17.33,119.07,Acropora,un09,Dampier Archipelago,broadcast,Acropora tenuis,Underwood,2009,-20.4,116.55,Acropora,un09,un09,FALSE,Dampier Archipelago <-> Rowley Shoals,Microsatellite,Medium,432.70850922651607
un09RS2S,un09DE1,0.09,y,Rowley Shoals,broadcast,Acropora tenuis,Underwood,2009,-17.33,119.07,Acropora,un09,Dampier Archipelago,broadcast,Acropora tenuis,Underwood,2009,-20.48,116.65,Acropora,un09,un09,FALSE,Dampier Archipelago <-> Rowley Shoals,Microsatellite,Medium,433.4640283669701
un09RS2S,un09DE2,0.08,y,Rowley Shoals,broadcast,Acropora tenuis,Underwood,2009,-17.33,119.07,Acropora,un09,Dampier Archipelago,broadcast,Acropora tenuis,Underwood,2009,-20.5,116.7,Acropora,un09,un09,FALSE,Dampier Archipelago <-> Rowley Shoals,Microsatellite,Medium,432.1971130212902
un09RS2S,un09DE3,0.1,y,Rowley Shoals,broadcast,Acropora tenuis,Underwood,2009,-17.33,119.07,Acropora,un09,Dampier Archipelago,broadcast,Acropora tenuis,Underwood,2009,-20.52,116.75,Acropora,un09,un09,FALSE,Dampier Archipelago <-> Rowley Shoals,Microsatellite,Medium,431.0030287116528
un09RS2S,un09DW1,0.08,y,Rowley Shoals,broadcast,Acropora tenuis,Underwood,2009,-17.33,119.07,Acropora,un09,Dampier Archipelago,broadcast,Acropora tenuis,Underwood,2009,-20.58,116.55,Acropora,un09,un09,FALSE,Dampier Archipelago <-> Rowley Shoals,Microsatellite,Medium,448.61479053559185
un09RS2S,un09DW2,0.11,y,Rowley Shoals,broadcast,Acropora tenuis,Underwood,2009,-17.33,119.07,Acropora,un09,Dampier Archipelago,broadcast,Acropora tenuis,Underwood,2009,-20.6,116.58,Acropora,un09,un09,FALSE,Dampier Archipelago <-> Rowley Shoals,Microsatellite,Medium,448.55016753656025
un09RS2S,un09N1,0.03,y,Rowley Shoals,broadcast,Acropora tenuis,Underwood,2009,-17.33,119.07,Acropora,un09,Ningaloo,broadcast,Acropora tenuis,Underwood,2009,-21.85,113.97,Acropora,un09,un09,FALSE,Ningaloo <-> Rowley Shoals,Microsatellite,Medium,734.1870931348034
un09RS2S,un09N3,0.03,y,Rowley Shoals,broadcast,Acropora tenuis,Underwood,2009,-17.33,119.07,Acropora,un09,Ningaloo,broadcast,Acropora tenuis,Underwood,2009,-22.1,113.9,Acropora,un09,un09,FALSE,Ningaloo <-> Rowley Shoals,Microsatellite,Medium,758.4385402868692
un09RS2S,un09N4,0.04,y,Rowley Shoals,broadcast,Acropora tenuis,Underwood,2009,-17.33,119.07,Acropora,un09,Ningaloo,broadcast,Acropora tenuis,Underwood,2009,-22.3,113.85,Acropora,un09,un09,FALSE,Ningaloo <-> Rowley Shoals,Microsatellite,Medium,777.6065899082529
un09RS2S,un09N5,0.05,y,Rowley Shoals,broadcast,Acropora tenuis,Underwood,2009,-17.33,119.07,Acropora,un09,Ningaloo,broadcast,Acropora tenuis,Underwood,2009,-22.5,113.8,Acropora,un09,un09,FALSE,Ningaloo <-> Rowley Shoals,Microsatellite,Medium,796.9588318722249
un09RS2S,un09N6,0.04,y,Rowley Shoals,broadcast,Acropora tenuis,Underwood,2009,-17.33,119.07,Acropora,un09,Ningaloo,broadcast,Acropora tenuis,Underwood,2009,-22.7,113.78,Acropora,un09,un09,FALSE,Ningaloo <-> Rowley Shoals,Microsatellite,Medium,814.349189531045
un09RS2S,un09N7,0.04,y,Rowley Shoals,broadcast,Acropora tenuis,Underwood,2009,-17.33,119.07,Acropora,un09,Ningaloo,broadcast,Acropora tenuis,Underwood,2009,-23,113.75,Acropora,un09,un09,FALSE,Ningaloo <-> Rowley Shoals,Microsatellite,Medium,840.8656473642912
un09RS2S,un09N8,0.04,y,Rowley Shoals,broadcast,Acropora tenuis,Underwood,2009,-17.33,119.07,Acropora,un09,Ningaloo,broadcast,Acropora tenuis,Underwood,2009,-23.2,113.73,Acropora,un09,un09,FALSE,Ningaloo <-> Rowley Shoals,Microsatellite,Medium,858.809789604298
un09RS33,un09DC1,0.11,y,Rowley Shoals,broadcast,Acropora tenuis,Underwood,2009,-17.3,119.13,Acropora,un09,Dampier Archipelago,broadcast,Acropora tenuis,Underwood,2009,-20.4,116.55,Acropora,un09,un09,FALSE,Dampier Archipelago <-> Rowley Shoals,Microsatellite,Medium,439.2464814415716
un09RS33,un09DE1,0.14,y,Rowley Shoals,broadcast,Acropora tenuis,Underwood,2009,-17.3,119.13,Acropora,un09,Dampier Archipelago,broadcast,Acropora tenuis,Underwood,2009,-20.48,116.65,Acropora,un09,un09,FALSE,Dampier Archipelago <-> Rowley Shoals,Microsatellite,Medium,439.9041812371064
un09RS33,un09DE2,0.12,y,Rowley Shoals,broadcast,Acropora tenuis,Underwood,2009,-17.3,119.13,Acropora,un09,Dampier Archipelago,broadcast,Acropora tenuis,Underwood,2009,-20.5,116.7,Acropora,un09,un09,FALSE,Dampier Archipelago <-> Rowley Shoals,Microsatellite,Medium,438.596007102887
un09RS33,un09DE3,0.15,y,Rowley Shoals,broadcast,Acropora tenuis,Underwood,2009,-17.3,119.13,Acropora,un09,Dampier Archipelago,broadcast,Acropora tenuis,Underwood,2009,-20.52,116.75,Acropora,un09,un09,FALSE,Dampier Archipelago <-> Rowley Shoals,Microsatellite,Medium,437.3593913902219
un09RS33,un09DW1,0.12,y,Rowley Shoals,broadcast,Acropora tenuis,Underwood,2009,-17.3,119.13,Acropora,un09,Dampier Archipelago,broadcast,Acropora tenuis,Underwood,2009,-20.58,116.55,Acropora,un09,un09,FALSE,Dampier Archipelago <-> Rowley Shoals,Microsatellite,Medium,455.0671601481416
un09RS33,un09DW2,0.15,y,Rowley Shoals,broadcast,Acropora tenuis,Underwood,2009,-17.3,119.13,Acropora,un09,Dampier Archipelago,broadcast,Acropora tenuis,Underwood,2009,-20.6,116.58,Acropora,un09,un09,FALSE,Dampier Archipelago <-> Rowley Shoals,Microsatellite,Medium,454.9751835275547
un09RS33,un09N1,0.04,y,Rowley Shoals,broadcast,Acropora tenuis,Underwood,2009,-17.3,119.13,Acropora,un09,Ningaloo,broadcast,Acropora tenuis,Underwood,2009,-21.85,113.97,Acropora,un09,un09,FALSE,Ningaloo <-> Rowley Shoals,Microsatellite,Medium,741.0934429465286
un09RS33,un09N3,0.05,y,Rowley Shoals,broadcast,Acropora tenuis,Underwood,2009,-17.3,119.13,Acropora,un09,Ningaloo,broadcast,Acropora tenuis,Underwood,2009,-22.1,113.9,Acropora,un09,un09,FALSE,Ningaloo <-> Rowley Shoals,Microsatellite,Medium,765.3014280218883
un09RS33,un09N4,0.06,y,Rowley Shoals,broadcast,Acropora tenuis,Underwood,2009,-17.3,119.13,Acropora,un09,Ningaloo,broadcast,Acropora tenuis,Underwood,2009,-22.3,113.85,Acropora,un09,un09,FALSE,Ningaloo <-> Rowley Shoals,Microsatellite,Medium,784.4333943145991
un09RS33,un09N5,0.09,y,Rowley Shoals,broadcast,Acropora tenuis,Underwood,2009,-17.3,119.13,Acropora,un09,Ningaloo,broadcast,Acropora tenuis,Underwood,2009,-22.5,113.8,Acropora,un09,un09,FALSE,Ningaloo <-> Rowley Shoals,Microsatellite,Medium,803.7495787408395
un09RS33,un09N6,0.07,y,Rowley Shoals,broadcast,Acropora tenuis,Underwood,2009,-17.3,119.13,Acropora,un09,Ningaloo,broadcast,Acropora tenuis,Underwood,2009,-22.7,113.78,Acropora,un09,un09,FALSE,Ningaloo <-> Rowley Shoals,Microsatellite,Medium,821.0972488154574
un09RS33,un09N7,0.05,y,Rowley Shoals,broadcast,Acropora tenuis,Underwood,2009,-17.3,119.13,Acropora,un09,Ningaloo,broadcast,Acropora tenuis,Underwood,2009,-23,113.75,Acropora,un09,un09,FALSE,Ningaloo <-> Rowley Shoals,Microsatellite,Medium,847.5494160851548
un09RS33,un09N8,0.08,y,Rowley Shoals,broadcast,Acropora tenuis,Underwood,2009,-17.3,119.13,Acropora,un09,Ningaloo,broadcast,Acropora tenuis,Underwood,2009,-23.2,113.73,Acropora,un09,un09,FALSE,Ningaloo <-> Rowley Shoals,Microsatellite,Medium,865.4507461147477
un09RS3S,un09DC1,0.12,y,Rowley Shoals,broadcast,Acropora tenuis,Underwood,2009,-17.28,119.15,Acropora,un09,Dampier Archipelago,broadcast,Acropora tenuis,Underwood,2009,-20.4,116.55,Acropora,un09,un09,FALSE,Dampier Archipelago <-> Rowley Shoals,Microsatellite,Medium,442.3087656189402
un09RS3S,un09DE1,0.15,y,Rowley Shoals,broadcast,Acropora tenuis,Underwood,2009,-17.28,119.15,Acropora,un09,Dampier Archipelago,broadcast,Acropora tenuis,Underwood,2009,-20.48,116.65,Acropora,un09,un09,FALSE,Dampier Archipelago <-> Rowley Shoals,Microsatellite,Medium,442.9552471249267
un09RS3S,un09DE2,0.14,y,Rowley Shoals,broadcast,Acropora tenuis,Underwood,2009,-17.28,119.15,Acropora,un09,Dampier Archipelago,broadcast,Acropora tenuis,Underwood,2009,-20.5,116.7,Acropora,un09,un09,FALSE,Dampier Archipelago <-> Rowley Shoals,Microsatellite,Medium,441.6417194669727
un09RS3S,un09DE3,0.16,y,Rowley Shoals,broadcast,Acropora tenuis,Underwood,2009,-17.28,119.15,Acropora,un09,Dampier Archipelago,broadcast,Acropora tenuis,Underwood,2009,-20.52,116.75,Acropora,un09,un09,FALSE,Dampier Archipelago <-> Rowley Shoals,Microsatellite,Medium,440.39923748725784
un09RS3S,un09DW1,0.13,y,Rowley Shoals,broadcast,Acropora tenuis,Underwood,2009,-17.28,119.15,Acropora,un09,Dampier Archipelago,broadcast,Acropora tenuis,Underwood,2009,-20.58,116.55,Acropora,un09,un09,FALSE,Dampier Archipelago <-> Rowley Shoals,Microsatellite,Medium,458.1196910777385
un09RS3S,un09DW2,0.17,y,Rowley Shoals,broadcast,Acropora tenuis,Underwood,2009,-17.28,119.15,Acropora,un09,Dampier Archipelago,broadcast,Acropora tenuis,Underwood,2009,-20.6,116.58,Acropora,un09,un09,FALSE,Dampier Archipelago <-> Rowley Shoals,Microsatellite,Medium,458.024264873851
un09RS3S,un09N1,0.05,y,Rowley Shoals,broadcast,Acropora tenuis,Underwood,2009,-17.28,119.15,Acropora,un09,Ningaloo,broadcast,Acropora tenuis,Underwood,2009,-21.85,113.97,Acropora,un09,un09,FALSE,Ningaloo <-> Rowley Shoals,Microsatellite,Medium,744.1690736842033
un09RS3S,un09N3,0.04,y,Rowley Shoals,broadcast,Acropora tenuis,Underwood,2009,-17.28,119.15,Acropora,un09,Ningaloo,broadcast,Acropora tenuis,Underwood,2009,-22.1,113.9,Acropora,un09,un09,FALSE,Ningaloo <-> Rowley Shoals,Microsatellite,Medium,768.3790339402352
un09RS3S,un09N4,0.07,y,Rowley Shoals,broadcast,Acropora tenuis,Underwood,2009,-17.28,119.15,Acropora,un09,Ningaloo,broadcast,Acropora tenuis,Underwood,2009,-22.3,113.85,Acropora,un09,un09,FALSE,Ningaloo <-> Rowley Shoals,Microsatellite,Medium,787.5116348235442
un09RS3S,un09N5,0.09,y,Rowley Shoals,broadcast,Acropora tenuis,Underwood,2009,-17.28,119.15,Acropora,un09,Ningaloo,broadcast,Acropora tenuis,Underwood,2009,-22.5,113.8,Acropora,un09,un09,FALSE,Ningaloo <-> Rowley Shoals,Microsatellite,Medium,806.8276777664265
un09RS3S,un09N6,0.08,y,Rowley Shoals,broadcast,Acropora tenuis,Underwood,2009,-17.28,119.15,Acropora,un09,Ningaloo,broadcast,Acropora tenuis,Underwood,2009,-22.7,113.78,Acropora,un09,un09,FALSE,Ningaloo <-> Rowley Shoals,Microsatellite,Medium,824.1743117314171
un09RS3S,un09N7,0.06,y,Rowley Shoals,broadcast,Acropora tenuis,Underwood,2009,-17.28,119.15,Acropora,un09,Ningaloo,broadcast,Acropora tenuis,Underwood,2009,-23,113.75,Acropora,un09,un09,FALSE,Ningaloo <-> Rowley Shoals,Microsatellite,Medium,850.6234007247674
un09RS3S,un09N8,0.08,y,Rowley Shoals,broadcast,Acropora tenuis,Underwood,2009,-17.28,119.15,Acropora,un09,Ningaloo,broadcast,Acropora tenuis,Underwood,2009,-23.2,113.73,Acropora,un09,un09,FALSE,Ningaloo <-> Rowley Shoals,Microsatellite,Medium,868.5218095516727
un09DC1,un09N1,0.05,y,Dampier Archipelago,broadcast,Acropora tenuis,Underwood,2009,-20.4,116.55,Acropora,un09,Ningaloo,broadcast,Acropora tenuis,Underwood,2009,-21.85,113.97,Acropora,un09,un09,FALSE,Dampier Archipelago <-> Ningaloo,Microsatellite,Medium,312.7606083031321
un09DC1,un09N3,0.03,y,Dampier Archipelago,broadcast,Acropora tenuis,Underwood,2009,-20.4,116.55,Acropora,un09,Ningaloo,broadcast,Acropora tenuis,Underwood,2009,-22.1,113.9,Acropora,un09,un09,FALSE,Dampier Archipelago <-> Ningaloo,Microsatellite,Medium,333.7584379899442
un09DC1,un09N4,0.04,y,Dampier Archipelago,broadcast,Acropora tenuis,Underwood,2009,-20.4,116.55,Acropora,un09,Ningaloo,broadcast,Acropora tenuis,Underwood,2009,-22.3,113.85,Acropora,un09,un09,FALSE,Dampier Archipelago <-> Ningaloo,Microsatellite,Medium,350.83770005040105
un09DC1,un09N5,0.01,y,Dampier Archipelago,broadcast,Acropora tenuis,Underwood,2009,-20.4,116.55,Acropora,un09,Ningaloo,broadcast,Acropora tenuis,Underwood,2009,-22.5,113.8,Acropora,un09,un09,FALSE,Dampier Archipelago <-> Ningaloo,Microsatellite,Medium,368.5320218214399
un09DC1,un09N6,0.03,y,Dampier Archipelago,broadcast,Acropora tenuis,Underwood,2009,-20.4,116.55,Acropora,un09,Ningaloo,broadcast,Acropora tenuis,Underwood,2009,-22.7,113.78,Acropora,un09,un09,FALSE,Dampier Archipelago <-> Ningaloo,Microsatellite,Medium,384.4343801921131
un09DC1,un09N7,0.05,y,Dampier Archipelago,broadcast,Acropora tenuis,Underwood,2009,-20.4,116.55,Acropora,un09,Ningaloo,broadcast,Acropora tenuis,Underwood,2009,-23,113.75,Acropora,un09,un09,FALSE,Dampier Archipelago <-> Ningaloo,Microsatellite,Medium,409.41176541704596
un09DC1,un09N8,0.01,y,Dampier Archipelago,broadcast,Acropora tenuis,Underwood,2009,-20.4,116.55,Acropora,un09,Ningaloo,broadcast,Acropora tenuis,Underwood,2009,-23.2,113.73,Acropora,un09,un09,FALSE,Dampier Archipelago <-> Ningaloo,Microsatellite,Medium,426.71015552998915
un09DE1,un09N1,0.09,y,Dampier Archipelago,broadcast,Acropora tenuis,Underwood,2009,-20.48,116.65,Acropora,un09,Ningaloo,broadcast,Acropora tenuis,Underwood,2009,-21.85,113.97,Acropora,un09,un09,FALSE,Dampier Archipelago <-> Ningaloo,Microsatellite,Medium,317.25893542116427
un09DE1,un09N3,0.07,y,Dampier Archipelago,broadcast,Acropora tenuis,Underwood,2009,-20.48,116.65,Acropora,un09,Ningaloo,broadcast,Acropora tenuis,Underwood,2009,-22.1,113.9,Acropora,un09,un09,FALSE,Dampier Archipelago <-> Ningaloo,Microsatellite,Medium,337.4487907485552
un09DE1,un09N4,0.08,y,Dampier Archipelago,broadcast,Acropora tenuis,Underwood,2009,-20.48,116.65,Acropora,un09,Ningaloo,broadcast,Acropora tenuis,Underwood,2009,-22.3,113.85,Acropora,un09,un09,FALSE,Dampier Archipelago <-> Ningaloo,Microsatellite,Medium,353.92834160130053
un09DE1,un09N5,0.03,y,Dampier Archipelago,broadcast,Acropora tenuis,Underwood,2009,-20.48,116.65,Acropora,un09,Ningaloo,broadcast,Acropora tenuis,Underwood,2009,-22.5,113.8,Acropora,un09,un09,FALSE,Dampier Archipelago <-> Ningaloo,Microsatellite,Medium,371.07254787884443
un09DE1,un09N6,0.05,y,Dampier Archipelago,broadcast,Acropora tenuis,Underwood,2009,-20.48,116.65,Acropora,un09,Ningaloo,broadcast,Acropora tenuis,Underwood,2009,-22.7,113.78,Acropora,un09,un09,FALSE,Dampier Archipelago <-> Ningaloo,Microsatellite,Medium,386.40121634190757
un09DE1,un09N7,0.08,y,Dampier Archipelago,broadcast,Acropora tenuis,Underwood,2009,-20.48,116.65,Acropora,un09,Ningaloo,broadcast,Acropora tenuis,Underwood,2009,-23,113.75,Acropora,un09,un09,FALSE,Dampier Archipelago <-> Ningaloo,Microsatellite,Medium,410.59645910122873
un09DE1,un09N8,0.03,n,Dampier Archipelago,broadcast,Acropora tenuis,Underwood,2009,-20.48,116.65,Acropora,un09,Ningaloo,broadcast,Acropora tenuis,Underwood,2009,-23.2,113.73,Acropora,un09,un09,FALSE,Dampier Archipelago <-> Ningaloo,Microsatellite,Medium,427.4221483313997
un09DE2,un09N1,0.07,y,Dampier Archipelago,broadcast,Acropora tenuis,Underwood,2009,-20.5,116.7,Acropora,un09,Ningaloo,broadcast,Acropora tenuis,Underwood,2009,-21.85,113.97,Acropora,un09,un09,FALSE,Dampier Archipelago <-> Ningaloo,Microsatellite,Medium,320.7540081014072
un09DE2,un09N3,0.06,y,Dampier Archipelago,broadcast,Acropora tenuis,Underwood,2009,-20.5,116.7,Acropora,un09,Ningaloo,broadcast,Acropora tenuis,Underwood,2009,-22.1,113.9,Acropora,un09,un09,FALSE,Dampier Archipelago <-> Ningaloo,Microsatellite,Medium,340.6572466141575
un09DE2,un09N4,0.07,y,Dampier Archipelago,broadcast,Acropora tenuis,Underwood,2009,-20.5,116.7,Acropora,un09,Ningaloo,broadcast,Acropora tenuis,Underwood,2009,-22.3,113.85,Acropora,un09,un09,FALSE,Dampier Archipelago <-> Ningaloo,Microsatellite,Medium,356.91867319795386
un09DE2,un09N5,0.02,y,Dampier Archipelago,broadcast,Acropora tenuis,Underwood,2009,-20.5,116.7,Acropora,un09,Ningaloo,broadcast,Acropora tenuis,Underwood,2009,-22.5,113.8,Acropora,un09,un09,FALSE,Dampier Archipelago <-> Ningaloo,Microsatellite,Medium,373.8586838482972
un09DE2,un09N6,0.05,y,Dampier Archipelago,broadcast,Acropora tenuis,Underwood,2009,-20.5,116.7,Acropora,un09,Ningaloo,broadcast,Acropora tenuis,Underwood,2009,-22.7,113.78,Acropora,un09,un09,FALSE,Dampier Archipelago <-> Ningaloo,Microsatellite,Medium,388.9718880640771
un09DE2,un09N7,0.07,y,Dampier Archipelago,broadcast,Acropora tenuis,Underwood,2009,-20.5,116.7,Acropora,un09,Ningaloo,broadcast,Acropora tenuis,Underwood,2009,-23,113.75,Acropora,un09,un09,FALSE,Dampier Archipelago <-> Ningaloo,Microsatellite,Medium,412.8669787290588
un09DE2,un09N8,0.02,y,Dampier Archipelago,broadcast,Acropora tenuis,Underwood,2009,-20.5,116.7,Acropora,un09,Ningaloo,broadcast,Acropora tenuis,Underwood,2009,-23.2,113.73,Acropora,un09,un09,FALSE,Dampier Archipelago <-> Ningaloo,Microsatellite,Medium,429.50775573929207
un09DE3,un09N1,0.09,y,Dampier Archipelago,broadcast,Acropora tenuis,Underwood,2009,-20.52,116.75,Acropora,un09,Ningaloo,broadcast,Acropora tenuis,Underwood,2009,-21.85,113.97,Acropora,un09,un09,FALSE,Dampier Archipelago <-> Ningaloo,Microsatellite,Medium,324.30852972398384
un09DE3,un09N3,0.07,y,Dampier Archipelago,broadcast,Acropora tenuis,Underwood,2009,-20.52,116.75,Acropora,un09,Ningaloo,broadcast,Acropora tenuis,Underwood,2009,-22.1,113.9,Acropora,un09,un09,FALSE,Dampier Archipelago <-> Ningaloo,Microsatellite,Medium,343.9271794136459
un09DE3,un09N4,0.08,y,Dampier Archipelago,broadcast,Acropora tenuis,Underwood,2009,-20.52,116.75,Acropora,un09,Ningaloo,broadcast,Acropora tenuis,Underwood,2009,-22.3,113.85,Acropora,un09,un09,FALSE,Dampier Archipelago <-> Ningaloo,Microsatellite,Medium,359.9713714942138
un09DE3,un09N5,0.03,y,Dampier Archipelago,broadcast,Acropora tenuis,Underwood,2009,-20.52,116.75,Acropora,un09,Ningaloo,broadcast,Acropora tenuis,Underwood,2009,-22.5,113.8,Acropora,un09,un09,FALSE,Dampier Archipelago <-> Ningaloo,Microsatellite,Medium,376.70742544106554
un09DE3,un09N6,0.06,y,Dampier Archipelago,broadcast,Acropora tenuis,Underwood,2009,-20.52,116.75,Acropora,un09,Ningaloo,broadcast,Acropora tenuis,Underwood,2009,-22.7,113.78,Acropora,un09,un09,FALSE,Dampier Archipelago <-> Ningaloo,Microsatellite,Medium,391.60562510942185
un09DE3,un09N7,0.08,y,Dampier Archipelago,broadcast,Acropora tenuis,Underwood,2009,-20.52,116.75,Acropora,un09,Ningaloo,broadcast,Acropora tenuis,Underwood,2009,-23,113.75,Acropora,un09,un09,FALSE,Dampier Archipelago <-> Ningaloo,Microsatellite,Medium,415.2003286230093
un09DE3,un09N8,0.03,y,Dampier Archipelago,broadcast,Acropora tenuis,Underwood,2009,-20.52,116.75,Acropora,un09,Ningaloo,broadcast,Acropora tenuis,Underwood,2009,-23.2,113.73,Acropora,un09,un09,FALSE,Dampier Archipelago <-> Ningaloo,Microsatellite,Medium,431.65556679409804
un09DW1,un09N1,0.09,y,Dampier Archipelago,broadcast,Acropora tenuis,Underwood,2009,-20.58,116.55,Acropora,un09,Ningaloo,broadcast,Acropora tenuis,Underwood,2009,-21.85,113.97,Acropora,un09,un09,FALSE,Dampier Archipelago <-> Ningaloo,Microsatellite,Medium,302.7640429815445
un09DW1,un09N3,0.07,y,Dampier Archipelago,broadcast,Acropora tenuis,Underwood,2009,-20.58,116.55,Acropora,un09,Ningaloo,broadcast,Acropora tenuis,Underwood,2009,-22.1,113.9,Acropora,un09,un09,FALSE,Dampier Archipelago <-> Ningaloo,Microsatellite,Medium,322.6784166505015
un09DW1,un09N4,0.08,y,Dampier Archipelago,broadcast,Acropora tenuis,Underwood,2009,-20.58,116.55,Acropora,un09,Ningaloo,broadcast,Acropora tenuis,Underwood,2009,-22.3,113.85,Acropora,un09,un09,FALSE,Dampier Archipelago <-> Ningaloo,Microsatellite,Medium,338.99544616684466
un09DW1,un09N5,0.03,y,Dampier Archipelago,broadcast,Acropora tenuis,Underwood,2009,-20.58,116.55,Acropora,un09,Ningaloo,broadcast,Acropora tenuis,Underwood,2009,-22.5,113.8,Acropora,un09,un09,FALSE,Dampier Archipelago <-> Ningaloo,Microsatellite,Medium,356.0207187756581
un09DW1,un09N6,0.05,y,Dampier Archipelago,broadcast,Acropora tenuis,Underwood,2009,-20.58,116.55,Acropora,un09,Ningaloo,broadcast,Acropora tenuis,Underwood,2009,-22.7,113.78,Acropora,un09,un09,FALSE,Dampier Archipelago <-> Ningaloo,Microsatellite,Medium,371.2558059196386
un09DW1,un09N7,0.08,y,Dampier Archipelago,broadcast,Acropora tenuis,Underwood,2009,-20.58,116.55,Acropora,un09,Ningaloo,broadcast,Acropora tenuis,Underwood,2009,-23,113.75,Acropora,un09,un09,FALSE,Dampier Archipelago <-> Ningaloo,Microsatellite,Medium,395.3711153871435
un09DW1,un09N8,0.03,y,Dampier Archipelago,broadcast,Acropora tenuis,Underwood,2009,-20.58,116.55,Acropora,un09,Ningaloo,broadcast,Acropora tenuis,Underwood,2009,-23.2,113.73,Acropora,un09,un09,FALSE,Dampier Archipelago <-> Ningaloo,Microsatellite,Medium,412.17475466545
un09DW2,un09N1,0.11,y,Dampier Archipelago,broadcast,Acropora tenuis,Underwood,2009,-20.6,116.58,Acropora,un09,Ningaloo,broadcast,Acropora tenuis,Underwood,2009,-21.85,113.97,Acropora,un09,un09,FALSE,Dampier Archipelago <-> Ningaloo,Microsatellite,Medium,304.48038622203904
un09DW2,un09N3,0.09,y,Dampier Archipelago,broadcast,Acropora tenuis,Underwood,2009,-20.6,116.58,Acropora,un09,Ningaloo,broadcast,Acropora tenuis,Underwood,2009,-22.1,113.9,Acropora,un09,un09,FALSE,Dampier Archipelago <-> Ningaloo,Microsatellite,Medium,324.1625806861989
un09DW2,un09N4,0.1,y,Dampier Archipelago,broadcast,Acropora tenuis,Underwood,2009,-20.6,116.58,Acropora,un09,Ningaloo,broadcast,Acropora tenuis,Underwood,2009,-22.3,113.85,Acropora,un09,un09,FALSE,Dampier Archipelago <-> Ningaloo,Microsatellite,Medium,340.30603317169243
un09DW2,un09N5,0.05,y,Dampier Archipelago,broadcast,Acropora tenuis,Underwood,2009,-20.6,116.58,Acropora,un09,Ningaloo,broadcast,Acropora tenuis,Underwood,2009,-22.5,113.8,Acropora,un09,un09,FALSE,Dampier Archipelago <-> Ningaloo,Microsatellite,Medium,357.1710913723443
un09DW2,un09N6,0.07,y,Dampier Archipelago,broadcast,Acropora tenuis,Underwood,2009,-20.6,116.58,Acropora,un09,Ningaloo,broadcast,Acropora tenuis,Underwood,2009,-22.7,113.78,Acropora,un09,un09,FALSE,Dampier Archipelago <-> Ningaloo,Microsatellite,Medium,372.23961057965795
un09DW2,un09N7,0.1,y,Dampier Archipelago,broadcast,Acropora tenuis,Underwood,2009,-20.6,116.58,Acropora,un09,Ningaloo,broadcast,Acropora tenuis,Underwood,2009,-23,113.75,Acropora,un09,un09,FALSE,Dampier Archipelago <-> Ningaloo,Microsatellite,Medium,396.1264963697446
un09DW2,un09N8,0.05,y,Dampier Archipelago,broadcast,Acropora tenuis,Underwood,2009,-20.6,116.58,Acropora,un09,Ningaloo,broadcast,Acropora tenuis,Underwood,2009,-23.2,113.73,Acropora,un09,un09,FALSE,Dampier Archipelago <-> Ningaloo,Microsatellite,Medium,412.79146818752594
ad21Qu,ad21JI,0.749,y,Ningaloo,broadcast,Acropora digitifera,Adam et al,2022,-24.49,113.41,Acropora,ad21,Kimberley Nearshore,broadcast,Acropora digitifera,Adam et al,2022,-15.71,124.47,Acropora,ad21,ad21,FALSE,Kimberley Nearshore <-> Ningaloo,SNP,High,1512.5908463747128
ad21Qu,ad21HI,0.726,y,Ningaloo,broadcast,Acropora digitifera,Adam et al,2022,-24.49,113.41,Acropora,ad21,Kimberley Nearshore,broadcast,Acropora digitifera,Adam et al,2022,-15.06,124.73,Acropora,ad21,ad21,FALSE,Kimberley Nearshore <-> Ningaloo,SNP,High,1582.1508126840897
ad21Qu,ad21Au,0.724,y,Ningaloo,broadcast,Acropora digitifera,Adam et al,2022,-24.49,113.41,Acropora,ad21,Kimberley Nearshore,broadcast,Acropora digitifera,Adam et al,2022,-15.47,124.55,Acropora,ad21,ad21,FALSE,Kimberley Nearshore <-> Ningaloo,SNP,High,1536.9098063794775
ad21Qu,ad21OI,0.693,y,Ningaloo,broadcast,Acropora digitifera,Adam et al,2022,-24.49,113.41,Acropora,ad21,Kimberley Nearshore,broadcast,Acropora digitifera,Adam et al,2022,-14.67,124.68,Acropora,ad21,ad21,FALSE,Kimberley Nearshore <-> Ningaloo,SNP,High,1608.3967887246374
ad21Qu,ad21Ad,0.092,y,Ningaloo,broadcast,Acropora digitifera,Adam et al,2022,-24.49,113.41,Acropora,ad21,Kimberley Nearshore,broadcast,Acropora digitifera,Adam et al,2022,-15.53,123.2,Acropora,ad21,ad21,FALSE,Kimberley Nearshore <-> Ningaloo,SNP,High,1428.3540943299226
ad21Qu,ad21BR,0.097,y,Ningaloo,broadcast,Acropora digitifera,Adam et al,2022,-24.49,113.41,Acropora,ad21,Kimberley Nearshore,broadcast,Acropora digitifera,Adam et al,2022,-15.32,123.54,Acropora,ad21,ad21,FALSE,Kimberley Nearshore <-> Ningaloo,SNP,High,1470.5693837560113
ad21Qu,ad21As,0.059,y,Ningaloo,broadcast,Acropora digitifera,Adam et al,2022,-24.49,113.41,Acropora,ad21,Ashmore,broadcast,Acropora digitifera,Adam et al,2022,-12.17,123.06,Acropora,ad21,ad21,FALSE,Ashmore <-> Ningaloo,SNP,High,1707.3825561433184
ad21Qu,ad21IS,0.053,y,Ningaloo,broadcast,Acropora digitifera,Adam et al,2022,-24.49,113.41,Acropora,ad21,Rowley Shoals,broadcast,Acropora digitifera,Adam et al,2022,-17.55,118.97,Acropora,ad21,ad21,FALSE,Ningaloo <-> Rowley Shoals,SNP,High,964.3734055945082
ad21Qu,ad21ME,0.054,y,Ningaloo,broadcast,Acropora digitifera,Adam et al,2022,-24.49,113.41,Acropora,ad21,Rowley Shoals,broadcast,Acropora digitifera,Adam et al,2022,-17.13,119.63,Acropora,ad21,ad21,FALSE,Ningaloo <-> Rowley Shoals,SNP,High,1043.6995751789705
ad21Qu,ad21CL,0.055,y,Ningaloo,broadcast,Acropora digitifera,Adam et al,2022,-24.49,113.41,Acropora,ad21,Rowley Shoals,broadcast,Acropora digitifera,Adam et al,2022,-17.35,119.37,Acropora,ad21,ad21,FALSE,Ningaloo <-> Rowley Shoals,SNP,High,1007.4941541758832
ad21GN,ad21JI,0.751,y,Ningaloo,broadcast,Acropora digitifera,Adam et al,2022,-23.82,113.52,Acropora,ad21,Kimberley Nearshore,broadcast,Acropora digitifera,Adam et al,2022,-15.71,124.47,Acropora,ad21,ad21,FALSE,Kimberley Nearshore <-> Ningaloo,SNP,High,1458.5819293316517
ad21GN,ad21HI,0.729,y,Ningaloo,broadcast,Acropora digitifera,Adam et al,2022,-23.82,113.52,Acropora,ad21,Kimberley Nearshore,broadcast,Acropora digitifera,Adam et al,2022,-15.06,124.73,Acropora,ad21,ad21,FALSE,Kimberley Nearshore <-> Ningaloo,SNP,High,1526.9159623969742
ad21GN,ad21Au,0.725,y,Ningaloo,broadcast,Acropora digitifera,Adam et al,2022,-23.82,113.52,Acropora,ad21,Kimberley Nearshore,broadcast,Acropora digitifera,Adam et al,2022,-15.47,124.55,Acropora,ad21,ad21,FALSE,Kimberley Nearshore <-> Ningaloo,SNP,High,1482.3916555471462
ad21GN,ad21OI,0.696,y,Ningaloo,broadcast,Acropora digitifera,Adam et al,2022,-23.82,113.52,Acropora,ad21,Kimberley Nearshore,broadcast,Acropora digitifera,Adam et al,2022,-14.67,124.68,Acropora,ad21,ad21,FALSE,Kimberley Nearshore <-> Ningaloo,SNP,High,1552.003924488204
ad21GN,ad21Ad,0.099,y,Ningaloo,broadcast,Acropora digitifera,Adam et al,2022,-23.82,113.52,Acropora,ad21,Kimberley Nearshore,broadcast,Acropora digitifera,Adam et al,2022,-15.53,123.2,Acropora,ad21,ad21,FALSE,Kimberley Nearshore <-> Ningaloo,SNP,High,1370.5480860421374
ad21GN,ad21BR,0.104,y,Ningaloo,broadcast,Acropora digitifera,Adam et al,2022,-23.82,113.52,Acropora,ad21,Kimberley Nearshore,broadcast,Acropora digitifera,Adam et al,2022,-15.32,123.54,Acropora,ad21,ad21,FALSE,Kimberley Nearshore <-> Ningaloo,SNP,High,1413.075579051512
ad21GN,ad21As,0.061,y,Ningaloo,broadcast,Acropora digitifera,Adam et al,2022,-23.82,113.52,Acropora,ad21,Ashmore,broadcast,Acropora digitifera,Adam et al,2022,-12.17,123.06,Acropora,ad21,ad21,FALSE,Ashmore <-> Ningaloo,SNP,High,1642.3137420747794
ad21GN,ad21IS,0.056,y,Ningaloo,broadcast,Acropora digitifera,Adam et al,2022,-23.82,113.52,Acropora,ad21,Rowley Shoals,broadcast,Acropora digitifera,Adam et al,2022,-17.55,118.97,Acropora,ad21,ad21,FALSE,Ningaloo <-> Rowley Shoals,SNP,High,899.3475994361213
ad21GN,ad21ME,0.055,y,Ningaloo,broadcast,Acropora digitifera,Adam et al,2022,-23.82,113.52,Acropora,ad21,Rowley Shoals,broadcast,Acropora digitifera,Adam et al,2022,-17.13,119.63,Acropora,ad21,ad21,FALSE,Ningaloo <-> Rowley Shoals,SNP,High,979.7610471002516
ad21GN,ad21CL,0.056,y,Ningaloo,broadcast,Acropora digitifera,Adam et al,2022,-23.82,113.52,Acropora,ad21,Rowley Shoals,broadcast,Acropora digitifera,Adam et al,2022,-17.35,119.37,Acropora,ad21,ad21,FALSE,Ningaloo <-> Rowley Shoals,SNP,High,943.2919469455845
ad21JI,ad21NS,0.731,y,Kimberley Nearshore,broadcast,Acropora digitifera,Adam et al,2022,-15.71,124.47,Acropora,ad21,Ningaloo,broadcast,Acropora digitifera,Adam et al,2022,-23.44,113.78,Acropora,ad21,ad21,FALSE,Kimberley Nearshore <-> Ningaloo,SNP,High,1412.2911494595799
ad21JI,ad21As,0.736,y,Kimberley Nearshore,broadcast,Acropora digitifera,Adam et al,2022,-15.71,124.47,Acropora,ad21,Ashmore,broadcast,Acropora digitifera,Adam et al,2022,-12.17,123.06,Acropora,ad21,ad21,FALSE,Ashmore <-> Kimberley Nearshore,SNP,High,422.48068597099
ad21JI,ad21IS,0.742,y,Kimberley Nearshore,broadcast,Acropora digitifera,Adam et al,2022,-15.71,124.47,Acropora,ad21,Rowley Shoals,broadcast,Acropora digitifera,Adam et al,2022,-17.55,118.97,Acropora,ad21,ad21,FALSE,Kimberley Nearshore <-> Rowley Shoals,SNP,High,621.3303740959759
ad21JI,ad21ME,0.737,y,Kimberley Nearshore,broadcast,Acropora digitifera,Adam et al,2022,-15.71,124.47,Acropora,ad21,Rowley Shoals,broadcast,Acropora digitifera,Adam et al,2022,-17.13,119.63,Acropora,ad21,ad21,FALSE,Kimberley Nearshore <-> Rowley Shoals,SNP,High,540.418474980457
ad21JI,ad21CL,0.736,y,Kimberley Nearshore,broadcast,Acropora digitifera,Adam et al,2022,-15.71,124.47,Acropora,ad21,Rowley Shoals,broadcast,Acropora digitifera,Adam et al,2022,-17.35,119.37,Acropora,ad21,ad21,FALSE,Kimberley Nearshore <-> Rowley Shoals,SNP,High,574.0324778758898
ad21HI,ad21NS,0.708,y,Kimberley Nearshore,broadcast,Acropora digitifera,Adam et al,2022,-15.06,124.73,Acropora,ad21,Ningaloo,broadcast,Acropora digitifera,Adam et al,2022,-23.44,113.78,Acropora,ad21,ad21,FALSE,Kimberley Nearshore <-> Ningaloo,SNP,High,1480.1637999571435
ad21HI,ad21As,0.716,y,Kimberley Nearshore,broadcast,Acropora digitifera,Adam et al,2022,-15.06,124.73,Acropora,ad21,Ashmore,broadcast,Acropora digitifera,Adam et al,2022,-12.17,123.06,Acropora,ad21,ad21,FALSE,Ashmore <-> Kimberley Nearshore,SNP,High,368.9665258875786
ad21HI,ad21IS,0.722,y,Kimberley Nearshore,broadcast,Acropora digitifera,Adam et al,2022,-15.06,124.73,Acropora,ad21,Rowley Shoals,broadcast,Acropora digitifera,Adam et al,2022,-17.55,118.97,Acropora,ad21,ad21,FALSE,Kimberley Nearshore <-> Rowley Shoals,SNP,High,674.8802033830472
ad21HI,ad21ME,0.716,y,Kimberley Nearshore,broadcast,Acropora digitifera,Adam et al,2022,-15.06,124.73,Acropora,ad21,Rowley Shoals,broadcast,Acropora digitifera,Adam et al,2022,-17.13,119.63,Acropora,ad21,ad21,FALSE,Kimberley Nearshore <-> Rowley Shoals,SNP,High,592.1042535004332
ad21HI,ad21CL,0.715,y,Kimberley Nearshore,broadcast,Acropora digitifera,Adam et al,2022,-15.06,124.73,Acropora,ad21,Rowley Shoals,broadcast,Acropora digitifera,Adam et al,2022,-17.35,119.37,Acropora,ad21,ad21,FALSE,Kimberley Nearshore <-> Rowley Shoals,SNP,High,627.0581664959103
ad21NS,ad21Au,0.714,y,Ningaloo,broadcast,Acropora digitifera,Adam et al,2022,-23.44,113.78,Acropora,ad21,Kimberley Nearshore,broadcast,Acropora digitifera,Adam et al,2022,-15.47,124.55,Acropora,ad21,ad21,FALSE,Kimberley Nearshore <-> Ningaloo,SNP,High,1435.9078876864592
ad21NS,ad21OI,0.683,y,Ningaloo,broadcast,Acropora digitifera,Adam et al,2022,-23.44,113.78,Acropora,ad21,Kimberley Nearshore,broadcast,Acropora digitifera,Adam et al,2022,-14.67,124.68,Acropora,ad21,ad21,FALSE,Kimberley Nearshore <-> Ningaloo,SNP,High,1504.8455400621037
ad21NS,ad21Ad,0.089,y,Ningaloo,broadcast,Acropora digitifera,Adam et al,2022,-23.44,113.78,Acropora,ad21,Kimberley Nearshore,broadcast,Acropora digitifera,Adam et al,2022,-15.53,123.2,Acropora,ad21,ad21,FALSE,Kimberley Nearshore <-> Ningaloo,SNP,High,1322.966257483491
ad21NS,ad21BR,0.093,y,Ningaloo,broadcast,Acropora digitifera,Adam et al,2022,-23.44,113.78,Acropora,ad21,Kimberley Nearshore,broadcast,Acropora digitifera,Adam et al,2022,-15.32,123.54,Acropora,ad21,ad21,FALSE,Kimberley Nearshore <-> Ningaloo,SNP,High,1365.5844925648835
ad21NS,ad21As,0.052,y,Ningaloo,broadcast,Acropora digitifera,Adam et al,2022,-23.44,113.78,Acropora,ad21,Ashmore,broadcast,Acropora digitifera,Adam et al,2022,-12.17,123.06,Acropora,ad21,ad21,FALSE,Ashmore <-> Ningaloo,SNP,High,1592.8143123101786
ad21NS,ad21IS,0.047,y,Ningaloo,broadcast,Acropora digitifera,Adam et al,2022,-23.44,113.78,Acropora,ad21,Rowley Shoals,broadcast,Acropora digitifera,Adam et al,2022,-17.55,118.97,Acropora,ad21,ad21,FALSE,Ningaloo <-> Rowley Shoals,SNP,High,849.934497261075
ad21NS,ad21ME,0.047,y,Ningaloo,broadcast,Acropora digitifera,Adam et al,2022,-23.44,113.78,Acropora,ad21,Rowley Shoals,broadcast,Acropora digitifera,Adam et al,2022,-17.13,119.63,Acropora,ad21,ad21,FALSE,Ningaloo <-> Rowley Shoals,SNP,High,930.5615685218212
ad21NS,ad21CL,0.049,y,Ningaloo,broadcast,Acropora digitifera,Adam et al,2022,-23.44,113.78,Acropora,ad21,Rowley Shoals,broadcast,Acropora digitifera,Adam et al,2022,-17.35,119.37,Acropora,ad21,ad21,FALSE,Ningaloo <-> Rowley Shoals,SNP,High,894.041933531144
ad21Au,ad21As,0.724,y,Kimberley Nearshore,broadcast,Acropora digitifera,Adam et al,2022,-15.47,124.55,Acropora,ad21,Ashmore,broadcast,Acropora digitifera,Adam et al,2022,-12.17,123.06,Acropora,ad21,ad21,FALSE,Ashmore <-> Kimberley Nearshore,SNP,High,401.101449156784
ad21Au,ad21IS,0.727,y,Kimberley Nearshore,broadcast,Acropora digitifera,Adam et al,2022,-15.47,124.55,Acropora,ad21,Rowley Shoals,broadcast,Acropora digitifera,Adam et al,2022,-17.55,118.97,Acropora,ad21,ad21,FALSE,Kimberley Nearshore <-> Rowley Shoals,SNP,High,638.9237351336707
ad21Au,ad21ME,0.725,y,Kimberley Nearshore,broadcast,Acropora digitifera,Adam et al,2022,-15.47,124.55,Acropora,ad21,Rowley Shoals,broadcast,Acropora digitifera,Adam et al,2022,-17.13,119.63,Acropora,ad21,ad21,FALSE,Kimberley Nearshore <-> Rowley Shoals,SNP,High,557.1774532619062
ad21Au,ad21CL,0.725,y,Kimberley Nearshore,broadcast,Acropora digitifera,Adam et al,2022,-15.47,124.55,Acropora,ad21,Rowley Shoals,broadcast,Acropora digitifera,Adam et al,2022,-17.35,119.37,Acropora,ad21,ad21,FALSE,Kimberley Nearshore <-> Rowley Shoals,SNP,High,591.3688730155307
ad21OI,ad21As,0.691,y,Kimberley Nearshore,broadcast,Acropora digitifera,Adam et al,2022,-14.67,124.68,Acropora,ad21,Ashmore,broadcast,Acropora digitifera,Adam et al,2022,-12.17,123.06,Acropora,ad21,ad21,FALSE,Ashmore <-> Kimberley Nearshore,SNP,High,328.9593156336957
ad21OI,ad21IS,0.694,y,Kimberley Nearshore,broadcast,Acropora digitifera,Adam et al,2022,-14.67,124.68,Acropora,ad21,Rowley Shoals,broadcast,Acropora digitifera,Adam et al,2022,-17.55,118.97,Acropora,ad21,ad21,FALSE,Kimberley Nearshore <-> Rowley Shoals,SNP,High,689.626324674776
ad21OI,ad21ME,0.692,y,Kimberley Nearshore,broadcast,Acropora digitifera,Adam et al,2022,-14.67,124.68,Acropora,ad21,Rowley Shoals,broadcast,Acropora digitifera,Adam et al,2022,-17.13,119.63,Acropora,ad21,ad21,FALSE,Kimberley Nearshore <-> Rowley Shoals,SNP,High,605.9952378068173
ad21OI,ad21CL,0.692,y,Kimberley Nearshore,broadcast,Acropora digitifera,Adam et al,2022,-14.67,124.68,Acropora,ad21,Rowley Shoals,broadcast,Acropora digitifera,Adam et al,2022,-17.35,119.37,Acropora,ad21,ad21,FALSE,Kimberley Nearshore <-> Rowley Shoals,SNP,High,641.6709026614915
ad21Ad,ad21As,0.065,y,Kimberley Nearshore,broadcast,Acropora digitifera,Adam et al,2022,-15.53,123.2,Acropora,ad21,Ashmore,broadcast,Acropora digitifera,Adam et al,2022,-12.17,123.06,Acropora,ad21,ad21,FALSE,Ashmore <-> Kimberley Nearshore,SNP,High,374.3393368317832
ad21Ad,ad21IS,0.07,y,Kimberley Nearshore,broadcast,Acropora digitifera,Adam et al,2022,-15.53,123.2,Acropora,ad21,Rowley Shoals,broadcast,Acropora digitifera,Adam et al,2022,-17.55,118.97,Acropora,ad21,ad21,FALSE,Kimberley Nearshore <-> Rowley Shoals,SNP,High,504.2711978461406
ad21Ad,ad21ME,0.07,y,Kimberley Nearshore,broadcast,Acropora digitifera,Adam et al,2022,-15.53,123.2,Acropora,ad21,Rowley Shoals,broadcast,Acropora digitifera,Adam et al,2022,-17.13,119.63,Acropora,ad21,ad21,FALSE,Kimberley Nearshore <-> Rowley Shoals,SNP,High,420.900715724281
ad21Ad,ad21CL,0.071,y,Kimberley Nearshore,broadcast,Acropora digitifera,Adam et al,2022,-15.53,123.2,Acropora,ad21,Rowley Shoals,broadcast,Acropora digitifera,Adam et al,2022,-17.35,119.37,Acropora,ad21,ad21,FALSE,Kimberley Nearshore <-> Rowley Shoals,SNP,High,456.3360060081232
ad21BR,ad21As,0.07,y,Kimberley Nearshore,broadcast,Acropora digitifera,Adam et al,2022,-15.32,123.54,Acropora,ad21,Ashmore,broadcast,Acropora digitifera,Adam et al,2022,-12.17,123.06,Acropora,ad21,ad21,FALSE,Ashmore <-> Kimberley Nearshore,SNP,High,354.47573436846255
ad21BR,ad21IS,0.075,y,Kimberley Nearshore,broadcast,Acropora digitifera,Adam et al,2022,-15.32,123.54,Acropora,ad21,Rowley Shoals,broadcast,Acropora digitifera,Adam et al,2022,-17.55,118.97,Acropora,ad21,ad21,FALSE,Kimberley Nearshore <-> Rowley Shoals,SNP,High,547.4172858291616
ad21BR,ad21ME,0.076,y,Kimberley Nearshore,broadcast,Acropora digitifera,Adam et al,2022,-15.32,123.54,Acropora,ad21,Rowley Shoals,broadcast,Acropora digitifera,Adam et al,2022,-17.13,119.63,Acropora,ad21,ad21,FALSE,Kimberley Nearshore <-> Rowley Shoals,SNP,High,463.9333869972978
ad21BR,ad21CL,0.077,y,Kimberley Nearshore,broadcast,Acropora digitifera,Adam et al,2022,-15.32,123.54,Acropora,ad21,Rowley Shoals,broadcast,Acropora digitifera,Adam et al,2022,-17.35,119.37,Acropora,ad21,ad21,FALSE,Kimberley Nearshore <-> Rowley Shoals,SNP,High,499.4712814219844
ad21As,ad21IS,0.019,y,Ashmore,broadcast,Acropora digitifera,Adam et al,2022,-12.17,123.06,Acropora,ad21,Rowley Shoals,broadcast,Acropora digitifera,Adam et al,2022,-17.55,118.97,Acropora,ad21,ad21,FALSE,Ashmore <-> Rowley Shoals,SNP,High,743.0768303895077
ad21As,ad21ME,0.019,y,Ashmore,broadcast,Acropora digitifera,Adam et al,2022,-12.17,123.06,Acropora,ad21,Rowley Shoals,broadcast,Acropora digitifera,Adam et al,2022,-17.13,119.63,Acropora,ad21,ad21,FALSE,Ashmore <-> Rowley Shoals,SNP,High,664.2468052828348
ad21As,ad21CL,0.02,y,Ashmore,broadcast,Acropora digitifera,Adam et al,2022,-12.17,123.06,Acropora,ad21,Rowley Shoals,broadcast,Acropora digitifera,Adam et al,2022,-17.35,119.37,Acropora,ad21,ad21,FALSE,Ashmore <-> Rowley Shoals,SNP,High,700.109660263219
ro20Sp,ro20As,0.15,y,Timor Sea,broadcast,Acropora tenuis,Rosser et al,2020,-5.0474,119.3243,Acropora,ro20,Ashmore,broadcast,Acropora tenuis,Rosser et al,2020,-12.2378,122.9871,Acropora,ro20,ro20,FALSE,Ashmore <-> Timor Sea,Microsatellite,Medium,896.0803641616192
ro20Sp,ro20Sc,0.13,y,Timor Sea,broadcast,Acropora tenuis,Rosser et al,2020,-5.0474,119.3243,Acropora,ro20,Scott Reef,broadcast,Acropora tenuis,Rosser et al,2020,-14.139,122.023,Acropora,ro20,ro20,FALSE,Scott Reef <-> Timor Sea,Microsatellite,Medium,1054.4355121412075
ro20Sp,ro20Row,0.22,y,Timor Sea,broadcast,Acropora tenuis,Rosser et al,2020,-5.0474,119.3243,Acropora,ro20,Rowley Shoals,broadcast,Acropora tenuis,Rosser et al,2020,-17.55,118.966,Acropora,ro20,ro20,FALSE,Rowley Shoals <-> Timor Sea,Microsatellite,Medium,1392.3300987264497
ro20Sp,ro20Mo,0.25,y,Timor Sea,broadcast,Acropora tenuis,Rosser et al,2020,-5.0474,119.3243,Acropora,ro20,Pilbara Offshore,broadcast,Acropora tenuis,Rosser et al,2020,-20.49,115.467,Acropora,ro20,ro20,FALSE,Pilbara Offshore <-> Timor Sea,Microsatellite,Medium,1768.9873290096907
ro20Sp,ro20Da,0.33,y,Timor Sea,broadcast,Acropora tenuis,Rosser et al,2020,-5.0474,119.3243,Acropora,ro20,Dampier Archipelago,broadcast,Acropora tenuis,Rosser et al,2020,-20.567,116.567,Acropora,ro20,ro20,FALSE,Dampier Archipelago <-> Timor Sea,Microsatellite,Medium,1753.1879247839809
ro20Sp,ro20Ni,0.24,y,Timor Sea,broadcast,Acropora tenuis,Rosser et al,2020,-5.0474,119.3243,Acropora,ro20,Ningaloo,broadcast,Acropora tenuis,Rosser et al,2020,-23.172,113.755,Acropora,ro20,ro20,FALSE,Ningaloo <-> Timor Sea,Microsatellite,Medium,2104.4487473167906
ro20Wa,ro20As,0.09,y,Timor Sea,broadcast,Acropora tenuis,Rosser et al,2020,-5.2675,123.5178,Acropora,ro20,Ashmore,broadcast,Acropora tenuis,Rosser et al,2020,-12.2378,122.9871,Acropora,ro20,ro20,FALSE,Ashmore <-> Timor Sea,Microsatellite,Medium,778.1211657350675
ro20Wa,ro20Sc,0.17,y,Timor Sea,broadcast,Acropora tenuis,Rosser et al,2020,-5.2675,123.5178,Acropora,ro20,Scott Reef,broadcast,Acropora tenuis,Rosser et al,2020,-14.139,122.023,Acropora,ro20,ro20,FALSE,Scott Reef <-> Timor Sea,Microsatellite,Medium,1001.0695170704046
ro20Wa,ro20Row,0.24,y,Timor Sea,broadcast,Acropora tenuis,Rosser et al,2020,-5.2675,123.5178,Acropora,ro20,Rowley Shoals,broadcast,Acropora tenuis,Rosser et al,2020,-17.55,118.966,Acropora,ro20,ro20,FALSE,Rowley Shoals <-> Timor Sea,Microsatellite,Medium,1454.3368136345475
ro20Wa,ro20Mo,0.25,y,Timor Sea,broadcast,Acropora tenuis,Rosser et al,2020,-5.2675,123.5178,Acropora,ro20,Pilbara Offshore,broadcast,Acropora tenuis,Rosser et al,2020,-20.49,115.467,Acropora,ro20,ro20,FALSE,Pilbara Offshore <-> Timor Sea,Microsatellite,Medium,1905.1405891350207
ro20Wa,ro20Da,0.34,y,Timor Sea,broadcast,Acropora tenuis,Rosser et al,2020,-5.2675,123.5178,Acropora,ro20,Dampier Archipelago,broadcast,Acropora tenuis,Rosser et al,2020,-20.567,116.567,Acropora,ro20,ro20,FALSE,Dampier Archipelago <-> Timor Sea,Microsatellite,Medium,1861.5825824403837
ro20Wa,ro20Ni,0.22,y,Timor Sea,broadcast,Acropora tenuis,Rosser et al,2020,-5.2675,123.5178,Acropora,ro20,Ningaloo,broadcast,Acropora tenuis,Rosser et al,2020,-23.172,113.755,Acropora,ro20,ro20,FALSE,Ningaloo <-> Timor Sea,Microsatellite,Medium,2251.9772617557514
ro20Al,ro20As,0.1,y,Timor Sea,broadcast,Acropora tenuis,Rosser et al,2020,-8.2679,124.4009,Acropora,ro20,Ashmore,broadcast,Acropora tenuis,Rosser et al,2020,-12.2378,122.9871,Acropora,ro20,ro20,FALSE,Ashmore <-> Timor Sea,Microsatellite,Medium,468.26696033154025
ro20Al,ro20Sc,0.12,y,Timor Sea,broadcast,Acropora tenuis,Rosser et al,2020,-8.2679,124.4009,Acropora,ro20,Scott Reef,broadcast,Acropora tenuis,Rosser et al,2020,-14.139,122.023,Acropora,ro20,ro20,FALSE,Scott Reef <-> Timor Sea,Microsatellite,Medium,703.2134078399373
ro20Al,ro20Row,0.2,y,Timor Sea,broadcast,Acropora tenuis,Rosser et al,2020,-8.2679,124.4009,Acropora,ro20,Rowley Shoals,broadcast,Acropora tenuis,Rosser et al,2020,-17.55,118.966,Acropora,ro20,ro20,FALSE,Rowley Shoals <-> Timor Sea,Microsatellite,Medium,1189.3441682995388
ro20Al,ro20Mo,0.2,y,Timor Sea,broadcast,Acropora tenuis,Rosser et al,2020,-8.2679,124.4009,Acropora,ro20,Pilbara Offshore,broadcast,Acropora tenuis,Rosser et al,2020,-20.49,115.467,Acropora,ro20,ro20,FALSE,Pilbara Offshore <-> Timor Sea,Microsatellite,Medium,1665.7881738119233
ro20Al,ro20Da,0.31,y,Timor Sea,broadcast,Acropora tenuis,Rosser et al,2020,-8.2679,124.4009,Acropora,ro20,Dampier Archipelago,broadcast,Acropora tenuis,Rosser et al,2020,-20.567,116.567,Acropora,ro20,ro20,FALSE,Dampier Archipelago <-> Timor Sea,Microsatellite,Medium,1607.6416453331672
ro20Al,ro20Ni,0.19,y,Timor Sea,broadcast,Acropora tenuis,Rosser et al,2020,-8.2679,124.4009,Acropora,ro20,Ningaloo,broadcast,Acropora tenuis,Rosser et al,2020,-23.172,113.755,Acropora,ro20,ro20,FALSE,Ningaloo <-> Timor Sea,Microsatellite,Medium,2011.1299145297444
ro20Rot,ro20As,0.09,y,Timor Sea,broadcast,Acropora tenuis,Rosser et al,2020,-10.838,122.7308,Acropora,ro20,Ashmore,broadcast,Acropora tenuis,Rosser et al,2020,-12.2378,122.9871,Acropora,ro20,ro20,FALSE,Ashmore <-> Timor Sea,Microsatellite,Medium,158.31252711304018
ro20Rot,ro20Sc,0.14,y,Timor Sea,broadcast,Acropora tenuis,Rosser et al,2020,-10.838,122.7308,Acropora,ro20,Scott Reef,broadcast,Acropora tenuis,Rosser et al,2020,-14.139,122.023,Acropora,ro20,ro20,FALSE,Scott Reef <-> Timor Sea,Microsatellite,Medium,375.42906301654455
ro20Rot,ro20Row,0.21,y,Timor Sea,broadcast,Acropora tenuis,Rosser et al,2020,-10.838,122.7308,Acropora,ro20,Rowley Shoals,broadcast,Acropora tenuis,Rosser et al,2020,-17.55,118.966,Acropora,ro20,ro20,FALSE,Rowley Shoals <-> Timor Sea,Microsatellite,Medium,850.3672517840344
ro20Rot,ro20Mo,0.23,y,Timor Sea,broadcast,Acropora tenuis,Rosser et al,2020,-10.838,122.7308,Acropora,ro20,Pilbara Offshore,broadcast,Acropora tenuis,Rosser et al,2020,-20.49,115.467,Acropora,ro20,ro20,FALSE,Pilbara Offshore <-> Timor Sea,Microsatellite,Medium,1326.1964004280685
ro20Rot,ro20Da,0.32,y,Timor Sea,broadcast,Acropora tenuis,Rosser et al,2020,-10.838,122.7308,Acropora,ro20,Dampier Archipelago,broadcast,Acropora tenuis,Rosser et al,2020,-20.567,116.567,Acropora,ro20,ro20,FALSE,Dampier Archipelago <-> Timor Sea,Microsatellite,Medium,1268.0446291979465
ro20Rot,ro20Ni,0.22,y,Timor Sea,broadcast,Acropora tenuis,Rosser et al,2020,-10.838,122.7308,Acropora,ro20,Ningaloo,broadcast,Acropora tenuis,Rosser et al,2020,-23.172,113.755,Acropora,ro20,ro20,FALSE,Ningaloo <-> Timor Sea,Microsatellite,Medium,1671.3643438296924
ro20As,ro20Sc,0.13,y,Ashmore,broadcast,Acropora tenuis,Rosser et al,2020,-12.2378,122.9871,Acropora,ro20,Scott Reef,broadcast,Acropora tenuis,Rosser et al,2020,-14.139,122.023,Acropora,ro20,ro20,FALSE,Ashmore <-> Scott Reef,Microsatellite,Medium,236.02806951863124
ro20As,ro20Row,0.25,y,Ashmore,broadcast,Acropora tenuis,Rosser et al,2020,-12.2378,122.9871,Acropora,ro20,Rowley Shoals,broadcast,Acropora tenuis,Rosser et al,2020,-17.55,118.966,Acropora,ro20,ro20,FALSE,Ashmore <-> Rowley Shoals,Microsatellite,Medium,732.5717023037
ro20As,ro20Mo,0.25,y,Ashmore,broadcast,Acropora tenuis,Rosser et al,2020,-12.2378,122.9871,Acropora,ro20,Pilbara Offshore,broadcast,Acropora tenuis,Rosser et al,2020,-20.49,115.467,Acropora,ro20,ro20,FALSE,Ashmore <-> Pilbara Offshore,Microsatellite,Medium,1219.659983275262
ro20As,ro20Da,0.33,y,Ashmore,broadcast,Acropora tenuis,Rosser et al,2020,-12.2378,122.9871,Acropora,ro20,Dampier Archipelago,broadcast,Acropora tenuis,Rosser et al,2020,-20.567,116.567,Acropora,ro20,ro20,FALSE,Ashmore <-> Dampier Archipelago,Microsatellite,Medium,1152.6765050165773
ro20As,ro20Ni,0.22,y,Ashmore,broadcast,Acropora tenuis,Rosser et al,2020,-12.2378,122.9871,Acropora,ro20,Ningaloo,broadcast,Acropora tenuis,Rosser et al,2020,-23.172,113.755,Acropora,ro20,ro20,FALSE,Ashmore <-> Ningaloo,Microsatellite,Medium,1560.7894950454188
ro20Sc,ro20Row,0.03,y,Scott Reef,broadcast,Acropora tenuis,Rosser et al,2020,-14.139,122.023,Acropora,ro20,Rowley Shoals,broadcast,Acropora tenuis,Rosser et al,2020,-17.55,118.966,Acropora,ro20,ro20,FALSE,Rowley Shoals <-> Scott Reef,Microsatellite,Medium,501.31126296373697
ro20Sc,ro20Mo,0.05,y,Scott Reef,broadcast,Acropora tenuis,Rosser et al,2020,-14.139,122.023,Acropora,ro20,Pilbara Offshore,broadcast,Acropora tenuis,Rosser et al,2020,-20.49,115.467,Acropora,ro20,ro20,FALSE,Pilbara Offshore <-> Scott Reef,Microsatellite,Medium,992.2659282718096
ro20Sc,ro20Da,0.11,y,Scott Reef,broadcast,Acropora tenuis,Rosser et al,2020,-14.139,122.023,Acropora,ro20,Dampier Archipelago,broadcast,Acropora tenuis,Rosser et al,2020,-20.567,116.567,Acropora,ro20,ro20,FALSE,Dampier Archipelago <-> Scott Reef,Microsatellite,Medium,920.6627041640537
ro20Sc,ro20Ni,0.05,y,Scott Reef,broadcast,Acropora tenuis,Rosser et al,2020,-14.139,122.023,Acropora,ro20,Ningaloo,broadcast,Acropora tenuis,Rosser et al,2020,-23.172,113.755,Acropora,ro20,ro20,FALSE,Ningaloo <-> Scott Reef,Microsatellite,Medium,1330.156285057502
ro20Row,ro20Mo,0.05,y,Rowley Shoals,broadcast,Acropora tenuis,Rosser et al,2020,-17.55,118.966,Acropora,ro20,Pilbara Offshore,broadcast,Acropora tenuis,Rosser et al,2020,-20.49,115.467,Acropora,ro20,ro20,FALSE,Pilbara Offshore <-> Rowley Shoals,Microsatellite,Medium,492.6143136173662
ro20Row,ro20Da,0.08,y,Rowley Shoals,broadcast,Acropora tenuis,Rosser et al,2020,-17.55,118.966,Acropora,ro20,Dampier Archipelago,broadcast,Acropora tenuis,Rosser et al,2020,-20.567,116.567,Acropora,ro20,ro20,FALSE,Dampier Archipelago <-> Rowley Shoals,Microsatellite,Medium,420.10615278580104
ro20Row,ro20Ni,0.05,y,Rowley Shoals,broadcast,Acropora tenuis,Rosser et al,2020,-17.55,118.966,Acropora,ro20,Ningaloo,broadcast,Acropora tenuis,Rosser et al,2020,-23.172,113.755,Acropora,ro20,ro20,FALSE,Ningaloo <-> Rowley Shoals,Microsatellite,Medium,828.9009717716996
ro20Mo,ro20Da,0.05,y,Pilbara Offshore,broadcast,Acropora tenuis,Rosser et al,2020,-20.49,115.467,Acropora,ro20,Dampier Archipelago,broadcast,Acropora tenuis,Rosser et al,2020,-20.567,116.567,Acropora,ro20,ro20,FALSE,Dampier Archipelago <-> Pilbara Offshore,Microsatellite,Medium,114.99518751611876
ro20Mo,ro20Ni,0.04,y,Pilbara Offshore,broadcast,Acropora tenuis,Rosser et al,2020,-20.49,115.467,Acropora,ro20,Ningaloo,broadcast,Acropora tenuis,Rosser et al,2020,-23.172,113.755,Acropora,ro20,ro20,FALSE,Ningaloo <-> Pilbara Offshore,Microsatellite,Medium,347.02494090411426
ro20Da,ro20Ni,0.09,y,Dampier Archipelago,broadcast,Acropora tenuis,Rosser et al,2020,-20.567,116.567,Acropora,ro20,Ningaloo,broadcast,Acropora tenuis,Rosser et al,2020,-23.172,113.755,Acropora,ro20,ro20,FALSE,Dampier Archipelago <-> Ningaloo,Microsatellite,Medium,410.4396868134862
wh06Ni,wh06Ab,0.36,y,Ningaloo,broadcast,Pocillopora damicornis,Whitaker,2006,-23.82,113.52,Pocillopora,wh06,Abrolhos,brooding,Pocillopora damicornis,Whitaker,2006,-28.7,113.8,Pocillopora,wh06,wh06,FALSE,Abrolhos <-> Ningaloo,Allozyme,Low,543.9570459600046
ev21BB,ev21D,0.007,y,NW nearshore,broadcast,Turbinaria reniformis,Evans et al,2021,-20.638,117.662,Turbinaria,ev21,Dampier Archipelago,broadcast,Turbinaria reniformis,Evans et al,2021,-20.54,116.543,Turbinaria,ev21,ev21,FALSE,Dampier Archipelago <-> NW nearshore,Mixed,High,117.11902521982368
ev21BB,ev21M,0.005,y,NW nearshore,broadcast,Turbinaria reniformis,Evans et al,2021,-20.638,117.662,Turbinaria,ev21,Pilbara Offshore,broadcast,Turbinaria reniformis,Evans et al,2021,-20.505,115.522,Turbinaria,ev21,ev21,FALSE,NW nearshore <-> Pilbara Offshore,Mixed,High,223.5224441013622
ev21BB,ev21PI,0.015,y,NW nearshore,broadcast,Turbinaria reniformis,Evans et al,2021,-20.638,117.662,Turbinaria,ev21,Pilbara nearshore,broadcast,Turbinaria reniformis,Evans et al,2021,-21.103,115.779,Turbinaria,ev21,ev21,FALSE,NW nearshore <-> Pilbara nearshore,Mixed,High,202.58431163379947
ev21BB,ev21O,0.01,y,NW nearshore,broadcast,Turbinaria reniformis,Evans et al,2021,-20.638,117.662,Turbinaria,ev21,Pilbara nearshore,broadcast,Turbinaria reniformis,Evans et al,2021,-21.452,115.034,Turbinaria,ev21,ev21,FALSE,NW nearshore <-> Pilbara nearshore,Mixed,High,287.67194147885357
ev21BB,ev21EG,0.024,y,NW nearshore,broadcast,Turbinaria reniformis,Evans et al,2021,-20.638,117.662,Turbinaria,ev21,Exmouth Gulf,broadcast,Turbinaria reniformis,Evans et al,2021,-22.412,114.19,Turbinaria,ev21,ev21,FALSE,Exmouth Gulf <-> NW nearshore,Mixed,High,410.18448822277577
ev21BB,ev21SB,0.057,y,NW nearshore,broadcast,Turbinaria reniformis,Evans et al,2021,-20.638,117.662,Turbinaria,ev21,Shark Bay,broadcast,Turbinaria reniformis,Evans et al,2021,-25.983,113.19,Turbinaria,ev21,ev21,FALSE,NW nearshore <-> Shark Bay,Mixed,High,750.1960369864373
ev21BB,ev21P,0.354,y,NW nearshore,broadcast,Turbinaria reniformis,Evans et al,2021,-20.638,117.662,Turbinaria,ev21,Southwest coast,broadcast,Turbinaria reniformis,Evans et al,2021,-31.693,115,Turbinaria,ev21,ev21,FALSE,NW nearshore <-> Southwest coast,Mixed,High,1258.8977412402935
ev21D,ev21M,0.011,y,Dampier Archipelago,broadcast,Turbinaria reniformis,Evans et al,2021,-20.54,116.543,Turbinaria,ev21,Pilbara Offshore,broadcast,Turbinaria reniformis,Evans et al,2021,-20.505,115.522,Turbinaria,ev21,ev21,FALSE,Dampier Archipelago <-> Pilbara Offshore,Mixed,High,106.51500647464489
ev21D,ev21PI,0.009,y,Dampier Archipelago,broadcast,Turbinaria reniformis,Evans et al,2021,-20.54,116.543,Turbinaria,ev21,Pilbara nearshore,broadcast,Turbinaria reniformis,Evans et al,2021,-21.103,115.779,Turbinaria,ev21,ev21,FALSE,Dampier Archipelago <-> Pilbara nearshore,Mixed,High,101.22780577721507
ev21D,ev21O,0.009,y,Dampier Archipelago,broadcast,Turbinaria reniformis,Evans et al,2021,-20.54,116.543,Turbinaria,ev21,Pilbara nearshore,broadcast,Turbinaria reniformis,Evans et al,2021,-21.452,115.034,Turbinaria,ev21,ev21,FALSE,Dampier Archipelago <-> Pilbara nearshore,Mixed,High,186.818390994831
ev21D,ev21EG,0.022,y,Dampier Archipelago,broadcast,Turbinaria reniformis,Evans et al,2021,-20.54,116.543,Turbinaria,ev21,Exmouth Gulf,broadcast,Turbinaria reniformis,Evans et al,2021,-22.412,114.19,Turbinaria,ev21,ev21,FALSE,Dampier Archipelago <-> Exmouth Gulf,Mixed,High,320.6728744802591
ev21D,ev21SB,0.054,y,Dampier Archipelago,broadcast,Turbinaria reniformis,Evans et al,2021,-20.54,116.543,Turbinaria,ev21,Shark Bay,broadcast,Turbinaria reniformis,Evans et al,2021,-25.983,113.19,Turbinaria,ev21,ev21,FALSE,Dampier Archipelago <-> Shark Bay,Mixed,High,696.1149396757079
ev21D,ev21P,0.329,y,Dampier Archipelago,broadcast,Turbinaria reniformis,Evans et al,2021,-20.54,116.543,Turbinaria,ev21,Southwest coast,broadcast,Turbinaria reniformis,Evans et al,2021,-31.693,115,Turbinaria,ev21,ev21,FALSE,Dampier Archipelago <-> Southwest coast,Mixed,High,1251.0371418419843
ev21M,ev21PI,0.014,y,Pilbara Offshore,broadcast,Turbinaria reniformis,Evans et al,2021,-20.505,115.522,Turbinaria,ev21,Pilbara nearshore,broadcast,Turbinaria reniformis,Evans et al,2021,-21.103,115.779,Turbinaria,ev21,ev21,FALSE,Pilbara nearshore <-> Pilbara Offshore,Mixed,High,71.74023715795049
ev21M,ev21O,0.009,n,Pilbara Offshore,broadcast,Turbinaria reniformis,Evans et al,2021,-20.505,115.522,Turbinaria,ev21,Pilbara nearshore,broadcast,Turbinaria reniformis,Evans et al,2021,-21.452,115.034,Turbinaria,ev21,ev21,FALSE,Pilbara nearshore <-> Pilbara Offshore,Mixed,High,116.98728037804942
ev21M,ev21EG,0.026,y,Pilbara Offshore,broadcast,Turbinaria reniformis,Evans et al,2021,-20.505,115.522,Turbinaria,ev21,Exmouth Gulf,broadcast,Turbinaria reniformis,Evans et al,2021,-22.412,114.19,Turbinaria,ev21,ev21,FALSE,Exmouth Gulf <-> Pilbara Offshore,Mixed,High,253.19281067276205
ev21M,ev21SB,0.061,y,Pilbara Offshore,broadcast,Turbinaria reniformis,Evans et al,2021,-20.505,115.522,Turbinaria,ev21,Shark Bay,broadcast,Turbinaria reniformis,Evans et al,2021,-25.983,113.19,Turbinaria,ev21,ev21,FALSE,Pilbara Offshore <-> Shark Bay,Mixed,High,654.7458939864688
ev21M,ev21P,0.389,y,Pilbara Offshore,broadcast,Turbinaria reniformis,Evans et al,2021,-20.505,115.522,Turbinaria,ev21,Southwest coast,broadcast,Turbinaria reniformis,Evans et al,2021,-31.693,115,Turbinaria,ev21,ev21,FALSE,Pilbara Offshore <-> Southwest coast,Mixed,High,1246.5292451934258
ev21PI,ev21EG,0.02,y,Pilbara nearshore,broadcast,Turbinaria reniformis,Evans et al,2021,-21.103,115.779,Turbinaria,ev21,Exmouth Gulf,broadcast,Turbinaria reniformis,Evans et al,2021,-22.412,114.19,Turbinaria,ev21,ev21,FALSE,Exmouth Gulf <-> Pilbara nearshore,Mixed,High,219.59335617298717
ev21PI,ev21SB,0.054,y,Pilbara nearshore,broadcast,Turbinaria reniformis,Evans et al,2021,-21.103,115.779,Turbinaria,ev21,Shark Bay,broadcast,Turbinaria reniformis,Evans et al,2021,-25.983,113.19,Turbinaria,ev21,ev21,FALSE,Pilbara nearshore <-> Shark Bay,Mixed,High,604.0287231029469
ev21PI,ev21P,0.334,y,Pilbara nearshore,broadcast,Turbinaria reniformis,Evans et al,2021,-21.103,115.779,Turbinaria,ev21,Southwest coast,broadcast,Turbinaria reniformis,Evans et al,2021,-31.693,115,Turbinaria,ev21,ev21,FALSE,Pilbara nearshore <-> Southwest coast,Mixed,High,1181.4169751332195
ev21O,ev21EG,0.004,n,Pilbara nearshore,broadcast,Turbinaria reniformis,Evans et al,2021,-21.452,115.034,Turbinaria,ev21,Exmouth Gulf,broadcast,Turbinaria reniformis,Evans et al,2021,-22.412,114.19,Turbinaria,ev21,ev21,FALSE,Exmouth Gulf <-> Pilbara nearshore,Mixed,High,137.89863444610617
ev21O,ev21SB,0.038,y,Pilbara nearshore,broadcast,Turbinaria reniformis,Evans et al,2021,-21.452,115.034,Turbinaria,ev21,Shark Bay,broadcast,Turbinaria reniformis,Evans et al,2021,-25.983,113.19,Turbinaria,ev21,ev21,FALSE,Pilbara nearshore <-> Shark Bay,Mixed,High,538.2361410420176
ev21O,ev21P,0.322,y,Pilbara nearshore,broadcast,Turbinaria reniformis,Evans et al,2021,-21.452,115.034,Turbinaria,ev21,Southwest coast,broadcast,Turbinaria reniformis,Evans et al,2021,-31.693,115,Turbinaria,ev21,ev21,FALSE,Pilbara nearshore <-> Southwest coast,Mixed,High,1140.027907374248
ev21EG,ev21SB,0.041,y,Exmouth Gulf,broadcast,Turbinaria reniformis,Evans et al,2021,-22.412,114.19,Turbinaria,ev21,Shark Bay,broadcast,Turbinaria reniformis,Evans et al,2021,-25.983,113.19,Turbinaria,ev21,ev21,FALSE,Exmouth Gulf <-> Shark Bay,Mixed,High,410.2784096458664
ev21EG,ev21P,0.322,y,Exmouth Gulf,broadcast,Turbinaria reniformis,Evans et al,2021,-22.412,114.19,Turbinaria,ev21,Southwest coast,broadcast,Turbinaria reniformis,Evans et al,2021,-31.693,115,Turbinaria,ev21,ev21,FALSE,Exmouth Gulf <-> Southwest coast,Mixed,High,1036.2601883679415
ev21SB,ev21P,0.37,y,Shark Bay,broadcast,Turbinaria reniformis,Evans et al,2021,-25.983,113.19,Turbinaria,ev21,Southwest coast,broadcast,Turbinaria reniformis,Evans et al,2021,-31.693,115,Turbinaria,ev21,ev21,FALSE,Shark Bay <-> Southwest coast,Mixed,High,659.6466727251947
du26NM,du26NB,0.003,y,Pilbara Offshore,broadcast,Acropora tenuis,Duffy et al,2026,-21.64,114.387,Acropora,du26,Exmouth Gulf,broadcast,Acropora tenuis,Duffy et al,2026,-21.834,114.179,Acropora,du26,du26,FALSE,Exmouth Gulf <-> Pilbara Offshore,SNP,High,30.47918623282034
du26NM,du26SB,0.004,y,Pilbara Offshore,broadcast,Acropora tenuis,Duffy et al,2026,-21.64,114.387,Acropora,du26,Exmouth Gulf,broadcast,Acropora tenuis,Duffy et al,2026,-21.85,114.17,Acropora,du26,du26,FALSE,Exmouth Gulf <-> Pilbara Offshore,SNP,High,32.40254561829
du26NM,du26ta,0.014,y,Pilbara Offshore,broadcast,Acropora tenuis,Duffy et al,2026,-21.64,114.387,Acropora,du26,Ningaloo,broadcast,Acropora tenuis,Duffy et al,2026,-21.916,113.957,Acropora,du26,du26,FALSE,Ningaloo <-> Pilbara Offshore,SNP,High,54.03573189122128
du26NM,du26ma,0.012,y,Pilbara Offshore,broadcast,Acropora tenuis,Duffy et al,2026,-21.64,114.387,Acropora,du26,Ningaloo,broadcast,Acropora tenuis,Duffy et al,2026,-21.944,113.939,Acropora,du26,du26,FALSE,Ningaloo <-> Pilbara Offshore,SNP,High,57.35478932233113
du26NM,du26la,0.016,y,Pilbara Offshore,broadcast,Acropora tenuis,Duffy et al,2026,-21.64,114.387,Acropora,du26,Ningaloo,broadcast,Acropora tenuis,Duffy et al,2026,-22.035,113.901,Acropora,du26,du26,FALSE,Ningaloo <-> Pilbara Offshore,SNP,High,66.7488416313353
du26NM,du26pi,0.007,y,Pilbara Offshore,broadcast,Acropora tenuis,Duffy et al,2026,-21.64,114.387,Acropora,du26,Ningaloo,broadcast,Acropora tenuis,Duffy et al,2026,-22.174,113.855,Acropora,du26,du26,FALSE,Ningaloo <-> Pilbara Offshore,SNP,High,80.94840276361131
du26NM,du26YC,0.011,y,Pilbara Offshore,broadcast,Acropora tenuis,Duffy et al,2026,-21.64,114.387,Acropora,du26,Ningaloo,broadcast,Acropora tenuis,Duffy et al,2026,-22.292,113.808,Acropora,du26,du26,FALSE,Ningaloo <-> Pilbara Offshore,SNP,High,94.02601506606693
du26NM,du26SY,0.014,y,Pilbara Offshore,broadcast,Acropora tenuis,Duffy et al,2026,-21.64,114.387,Acropora,du26,Ningaloo,broadcast,Acropora tenuis,Duffy et al,2026,-22.362,113.763,Acropora,du26,du26,FALSE,Ningaloo <-> Pilbara Offshore,SNP,High,102.99351497832122
du26NM,du26PC,0.015,y,Pilbara Offshore,broadcast,Acropora tenuis,Duffy et al,2026,-21.64,114.387,Acropora,du26,Ningaloo,broadcast,Acropora tenuis,Duffy et al,2026,-22.696,113.65,Acropora,du26,du26,FALSE,Ningaloo <-> Pilbara Offshore,SNP,High,139.96856418043583
du26NM,du26NR,0.022,y,Pilbara Offshore,broadcast,Acropora tenuis,Duffy et al,2026,-21.64,114.387,Acropora,du26,Ningaloo,broadcast,Acropora tenuis,Duffy et al,2026,-23.023,113.781,Acropora,du26,du26,FALSE,Ningaloo <-> Pilbara Offshore,SNP,High,166.11921396689195
du26NM,du26SCB,0.023,y,Pilbara Offshore,broadcast,Acropora tenuis,Duffy et al,2026,-21.64,114.387,Acropora,du26,Ningaloo,broadcast,Acropora tenuis,Duffy et al,2026,-23.217,113.765,Acropora,du26,du26,FALSE,Ningaloo <-> Pilbara Offshore,SNP,High,186.85314278910923
du26NM,du26gn,0.028,y,Pilbara Offshore,broadcast,Acropora tenuis,Duffy et al,2026,-21.64,114.387,Acropora,du26,Ningaloo,broadcast,Acropora tenuis,Duffy et al,2026,-23.765,113.546,Acropora,du26,du26,FALSE,Ningaloo <-> Pilbara Offshore,SNP,High,251.82443255635113
du26SM,du26NB,0,n,Pilbara Offshore,broadcast,Acropora tenuis,Duffy et al,2026,-21.675,114.35,Acropora,du26,Exmouth Gulf,broadcast,Acropora tenuis,Duffy et al,2026,-21.834,114.179,Acropora,du26,du26,FALSE,Exmouth Gulf <-> Pilbara Offshore,SNP,High,25.017239212511946
du26SM,du26SB,0,n,Pilbara Offshore,broadcast,Acropora tenuis,Duffy et al,2026,-21.675,114.35,Acropora,du26,Exmouth Gulf,broadcast,Acropora tenuis,Duffy et al,2026,-21.85,114.17,Acropora,du26,du26,FALSE,Exmouth Gulf <-> Pilbara Offshore,SNP,High,26.940964141431557
du26SM,du26ta,0.001,n,Pilbara Offshore,broadcast,Acropora tenuis,Duffy et al,2026,-21.675,114.35,Acropora,du26,Ningaloo,broadcast,Acropora tenuis,Duffy et al,2026,-21.916,113.957,Acropora,du26,du26,FALSE,Ningaloo <-> Pilbara Offshore,SNP,High,48.68077981460833
du26SM,du26ma,0,n,Pilbara Offshore,broadcast,Acropora tenuis,Duffy et al,2026,-21.675,114.35,Acropora,du26,Ningaloo,broadcast,Acropora tenuis,Duffy et al,2026,-21.944,113.939,Acropora,du26,du26,FALSE,Ningaloo <-> Pilbara Offshore,SNP,High,51.97149462951144
du26SM,du26la,0.004,y,Pilbara Offshore,broadcast,Acropora tenuis,Duffy et al,2026,-21.675,114.35,Acropora,du26,Ningaloo,broadcast,Acropora tenuis,Duffy et al,2026,-22.035,113.901,Acropora,du26,du26,FALSE,Ningaloo <-> Pilbara Offshore,SNP,High,61.30286874125445
du26SM,du26pi,0,n,Pilbara Offshore,broadcast,Acropora tenuis,Duffy et al,2026,-21.675,114.35,Acropora,du26,Ningaloo,broadcast,Acropora tenuis,Duffy et al,2026,-22.174,113.855,Acropora,du26,du26,FALSE,Ningaloo <-> Pilbara Offshore,SNP,High,75.48934390080926
du26SM,du26YC,0,n,Pilbara Offshore,broadcast,Acropora tenuis,Duffy et al,2026,-21.675,114.35,Acropora,du26,Ningaloo,broadcast,Acropora tenuis,Duffy et al,2026,-22.292,113.808,Acropora,du26,du26,FALSE,Ningaloo <-> Pilbara Offshore,SNP,High,88.58709111350694
du26SM,du26SY,0.001,n,Pilbara Offshore,broadcast,Acropora tenuis,Duffy et al,2026,-21.675,114.35,Acropora,du26,Ningaloo,broadcast,Acropora tenuis,Duffy et al,2026,-22.362,113.763,Acropora,du26,du26,FALSE,Ningaloo <-> Pilbara Offshore,SNP,High,97.5619687483028
du26SM,du26PC,0.003,y,Pilbara Offshore,broadcast,Acropora tenuis,Duffy et al,2026,-21.675,114.35,Acropora,du26,Ningaloo,broadcast,Acropora tenuis,Duffy et al,2026,-22.696,113.65,Acropora,du26,du26,FALSE,Ningaloo <-> Pilbara Offshore,SNP,High,134.62554774378557
du26SM,du26NR,0.01,y,Pilbara Offshore,broadcast,Acropora tenuis,Duffy et al,2026,-21.675,114.35,Acropora,du26,Ningaloo,broadcast,Acropora tenuis,Duffy et al,2026,-23.023,113.781,Acropora,du26,du26,FALSE,Ningaloo <-> Pilbara Offshore,SNP,High,161.08793719391227
du26SM,du26SCB,0.007,y,Pilbara Offshore,broadcast,Acropora tenuis,Duffy et al,2026,-21.675,114.35,Acropora,du26,Ningaloo,broadcast,Acropora tenuis,Duffy et al,2026,-23.217,113.765,Acropora,du26,du26,FALSE,Ningaloo <-> Pilbara Offshore,SNP,High,181.900003155794
du26SM,du26gn,0.008,y,Pilbara Offshore,broadcast,Acropora tenuis,Duffy et al,2026,-21.675,114.35,Acropora,du26,Ningaloo,broadcast,Acropora tenuis,Duffy et al,2026,-23.765,113.546,Acropora,du26,du26,FALSE,Ningaloo <-> Pilbara Offshore,SNP,High,246.8682417744656
du26NB,du26ta,0.003,n,Exmouth Gulf,broadcast,Acropora tenuis,Duffy et al,2026,-21.834,114.179,Acropora,du26,Ningaloo,broadcast,Acropora tenuis,Duffy et al,2026,-21.916,113.957,Acropora,du26,du26,FALSE,Exmouth Gulf <-> Ningaloo,SNP,High,24.683443459038415
du26NB,du26ma,0.004,y,Exmouth Gulf,broadcast,Acropora tenuis,Duffy et al,2026,-21.834,114.179,Acropora,du26,Ningaloo,broadcast,Acropora tenuis,Duffy et al,2026,-21.944,113.939,Acropora,du26,du26,FALSE,Exmouth Gulf <-> Ningaloo,SNP,High,27.649913822978853
du26NB,du26la,0.006,y,Exmouth Gulf,broadcast,Acropora tenuis,Duffy et al,2026,-21.834,114.179,Acropora,du26,Ningaloo,broadcast,Acropora tenuis,Duffy et al,2026,-22.035,113.901,Acropora,du26,du26,FALSE,Exmouth Gulf <-> Ningaloo,SNP,High,36.396691812736876
du26NB,du26pi,0.003,y,Exmouth Gulf,broadcast,Acropora tenuis,Duffy et al,2026,-21.834,114.179,Acropora,du26,Ningaloo,broadcast,Acropora tenuis,Duffy et al,2026,-22.174,113.855,Acropora,du26,du26,FALSE,Exmouth Gulf <-> Ningaloo,SNP,High,50.50510064526093
du26NB,du26YC,0.001,n,Exmouth Gulf,broadcast,Acropora tenuis,Duffy et al,2026,-21.834,114.179,Acropora,du26,Ningaloo,broadcast,Acropora tenuis,Duffy et al,2026,-22.292,113.808,Acropora,du26,du26,FALSE,Exmouth Gulf <-> Ningaloo,SNP,High,63.75250565890252
du26NB,du26SY,0.004,y,Exmouth Gulf,broadcast,Acropora tenuis,Duffy et al,2026,-21.834,114.179,Acropora,du26,Ningaloo,broadcast,Acropora tenuis,Duffy et al,2026,-22.362,113.763,Acropora,du26,du26,FALSE,Exmouth Gulf <-> Ningaloo,SNP,High,72.77156894048109
du26NB,du26PC,0.006,y,Exmouth Gulf,broadcast,Acropora tenuis,Duffy et al,2026,-21.834,114.179,Acropora,du26,Ningaloo,broadcast,Acropora tenuis,Duffy et al,2026,-22.696,113.65,Acropora,du26,du26,FALSE,Exmouth Gulf <-> Ningaloo,SNP,High,110.35262644355636
du26NB,du26NR,0.011,y,Exmouth Gulf,broadcast,Acropora tenuis,Duffy et al,2026,-21.834,114.179,Acropora,du26,Ningaloo,broadcast,Acropora tenuis,Duffy et al,2026,-23.023,113.781,Acropora,du26,du26,FALSE,Exmouth Gulf <-> Ningaloo,SNP,High,138.5495930286802
du26NB,du26SCB,0.013,y,Exmouth Gulf,broadcast,Acropora tenuis,Duffy et al,2026,-21.834,114.179,Acropora,du26,Ningaloo,broadcast,Acropora tenuis,Duffy et al,2026,-23.217,113.765,Acropora,du26,du26,FALSE,Exmouth Gulf <-> Ningaloo,SNP,High,159.73163158434255
du26NB,du26gn,0.013,y,Exmouth Gulf,broadcast,Acropora tenuis,Duffy et al,2026,-21.834,114.179,Acropora,du26,Ningaloo,broadcast,Acropora tenuis,Duffy et al,2026,-23.765,113.546,Acropora,du26,du26,FALSE,Exmouth Gulf <-> Ningaloo,SNP,High,224.55742996306674
du26SB,du26ta,0.006,y,Exmouth Gulf,broadcast,Acropora tenuis,Duffy et al,2026,-21.85,114.17,Acropora,du26,Ningaloo,broadcast,Acropora tenuis,Duffy et al,2026,-21.916,113.957,Acropora,du26,du26,FALSE,Exmouth Gulf <-> Ningaloo,SNP,High,23.196848194781577
du26SB,du26ma,0.004,y,Exmouth Gulf,broadcast,Acropora tenuis,Duffy et al,2026,-21.85,114.17,Acropora,du26,Ningaloo,broadcast,Acropora tenuis,Duffy et al,2026,-21.944,113.939,Acropora,du26,du26,FALSE,Exmouth Gulf <-> Ningaloo,SNP,High,26.0533591569027
du26SB,du26la,0.009,y,Exmouth Gulf,broadcast,Acropora tenuis,Duffy et al,2026,-21.85,114.17,Acropora,du26,Ningaloo,broadcast,Acropora tenuis,Duffy et al,2026,-22.035,113.901,Acropora,du26,du26,FALSE,Exmouth Gulf <-> Ningaloo,SNP,High,34.57753802161435
du26SB,du26pi,0.004,y,Exmouth Gulf,broadcast,Acropora tenuis,Duffy et al,2026,-21.85,114.17,Acropora,du26,Ningaloo,broadcast,Acropora tenuis,Duffy et al,2026,-22.174,113.855,Acropora,du26,du26,FALSE,Exmouth Gulf <-> Ningaloo,SNP,High,48.55647696593042
du26SB,du26YC,0.004,y,Exmouth Gulf,broadcast,Acropora tenuis,Duffy et al,2026,-21.85,114.17,Acropora,du26,Ningaloo,broadcast,Acropora tenuis,Duffy et al,2026,-22.292,113.808,Acropora,du26,du26,FALSE,Exmouth Gulf <-> Ningaloo,SNP,High,61.77025636051927
du26SB,du26SY,0.005,y,Exmouth Gulf,broadcast,Acropora tenuis,Duffy et al,2026,-21.85,114.17,Acropora,du26,Ningaloo,broadcast,Acropora tenuis,Duffy et al,2026,-22.362,113.763,Acropora,du26,du26,FALSE,Exmouth Gulf <-> Ningaloo,SNP,High,70.78490070045382
du26SB,du26PC,0.01,y,Exmouth Gulf,broadcast,Acropora tenuis,Duffy et al,2026,-21.85,114.17,Acropora,du26,Ningaloo,broadcast,Acropora tenuis,Duffy et al,2026,-22.696,113.65,Acropora,du26,du26,FALSE,Exmouth Gulf <-> Ningaloo,SNP,High,108.34451004979812
du26SB,du26NR,0.016,y,Exmouth Gulf,broadcast,Acropora tenuis,Duffy et al,2026,-21.85,114.17,Acropora,du26,Ningaloo,broadcast,Acropora tenuis,Duffy et al,2026,-23.023,113.781,Acropora,du26,du26,FALSE,Exmouth Gulf <-> Ningaloo,SNP,High,136.5741404996145
du26SB,du26SCB,0.016,y,Exmouth Gulf,broadcast,Acropora tenuis,Duffy et al,2026,-21.85,114.17,Acropora,du26,Ningaloo,broadcast,Acropora tenuis,Duffy et al,2026,-23.217,113.765,Acropora,du26,du26,FALSE,Exmouth Gulf <-> Ningaloo,SNP,High,157.76823667167318
du26SB,du26gn,0.017,y,Exmouth Gulf,broadcast,Acropora tenuis,Duffy et al,2026,-21.85,114.17,Acropora,du26,Ningaloo,broadcast,Acropora tenuis,Duffy et al,2026,-23.765,113.546,Acropora,du26,du26,FALSE,Exmouth Gulf <-> Ningaloo,SNP,High,222.5845675656881
